-- phpMyAdmin SQL Dump
-- version 4.6.4
-- https://www.phpmyadmin.net/
--
-- Host: localhost
-- Generation Time: Dec 29, 2021 at 08:28 AM
-- Server version: 5.7.15-log
-- PHP Version: 7.0.11

SET SQL_MODE = "NO_AUTO_VALUE_ON_ZERO";
SET time_zone = "+00:00";


/*!40101 SET @OLD_CHARACTER_SET_CLIENT=@@CHARACTER_SET_CLIENT */;
/*!40101 SET @OLD_CHARACTER_SET_RESULTS=@@CHARACTER_SET_RESULTS */;
/*!40101 SET @OLD_COLLATION_CONNECTION=@@COLLATION_CONNECTION */;
/*!40101 SET NAMES utf8mb4 */;

--
-- Database: `ds_scitech`
--

-- --------------------------------------------------------

--
-- Table structure for table `admin`
--

CREATE TABLE `admin` (
  `id` int(11) NOT NULL,
  `first_name` varchar(255) NOT NULL,
  `last_name` varchar(255) NOT NULL,
  `username` varchar(255) NOT NULL,
  `password` varchar(255) NOT NULL,
  `status` enum('superadmin','admin','hradmin','dean','leader') NOT NULL,
  `major_admin` varchar(255) NOT NULL,
  `last_login` datetime NOT NULL,
  `updated_at` datetime NOT NULL,
  `created_at` datetime NOT NULL
) ENGINE=InnoDB DEFAULT CHARSET=utf8;

--
-- Dumping data for table `admin`
--

INSERT INTO `admin` (`id`, `first_name`, `last_name`, `username`, `password`, `status`, `major_admin`, `last_login`, `updated_at`, `created_at`) VALUES
(1, 'เขมศักดิ์', 'เพ็ชรดีคาย', 'Khemmasak.phet', '$2y$10$4Lt7rTiLjxPQiMZJnijGKuoJarCeBi9Bp0zbTcFPRFb1rD5T9qFry', 'superadmin', 'OF', '2021-12-29 09:30:36', '2021-12-16 16:35:03', '2021-12-16 16:35:03'),
(2, 'เขมศักดิ์', 'เพ็ชรดีคาย', 'khemmasak.p', '$2y$10$0Kxjk3FeOZSmHk9TH2.DBOmupe.2s9RID9xCa3heo.zvfAEUFZtW.', 'admin', 'OF', '2021-12-28 14:21:36', '2021-12-22 09:51:46', '2021-12-22 09:51:46'),
(3, 'เบญญา', 'นามณรงค์', 'benya.n', '$2y$10$1yW5w7oLUS/0QwocakB4POKV2OCRXSFLcXw.RV1Dl8bPD7Ubuow.u', 'admin', 'OF', '2021-12-28 11:07:00', '2021-12-28 11:07:00', '2021-12-28 11:07:00'),
(4, 'เขมศักดิ์', 'เพ็ชรดีคาย', 'admin', '$2y$10$1SRHpqXz26SAzHOvGnDzouYaTYoSrwGbOiaIgCWbvWtRXCcsHAlHa', 'admin', 'IT', '2021-12-28 14:18:06', '2021-12-28 14:17:55', '2021-12-28 14:17:55');

-- --------------------------------------------------------

--
-- Table structure for table `adminlogs`
--

CREATE TABLE `adminlogs` (
  `id` int(11) NOT NULL,
  `ip` varchar(255) NOT NULL,
  `device` varchar(255) NOT NULL,
  `os` varchar(255) NOT NULL,
  `browser` varchar(255) NOT NULL,
  `page` varchar(255) NOT NULL,
  `admin` varchar(255) NOT NULL,
  `created_at` datetime NOT NULL
) ENGINE=InnoDB DEFAULT CHARSET=utf8;

-- --------------------------------------------------------

--
-- Table structure for table `articles`
--

CREATE TABLE `articles` (
  `id` int(11) NOT NULL,
  `subject` varchar(255) NOT NULL,
  `sub_title` varchar(255) NOT NULL,
  `detail` text NOT NULL,
  `image` varchar(255) NOT NULL,
  `tag` varchar(255) NOT NULL,
  `status` enum('true','false') NOT NULL,
  `updated_at` datetime NOT NULL,
  `created_at` datetime NOT NULL
) ENGINE=InnoDB DEFAULT CHARSET=utf8;

-- --------------------------------------------------------

--
-- Table structure for table `contacts`
--

CREATE TABLE `contacts` (
  `id` int(11) NOT NULL,
  `name` varchar(255) NOT NULL,
  `phone` varchar(20) NOT NULL,
  `email` varchar(255) NOT NULL,
  `detail` text NOT NULL,
  `status` enum('true','false') NOT NULL DEFAULT 'false',
  `created_at` date NOT NULL
) ENGINE=InnoDB DEFAULT CHARSET=utf8;

-- --------------------------------------------------------

--
-- Table structure for table `ita_detail`
--

CREATE TABLE `ita_detail` (
  `ita_detail` int(11) NOT NULL,
  `id_ita` int(11) NOT NULL COMMENT 'หัวข้อITA',
  `name` text COLLATE utf8_unicode_ci NOT NULL COMMENT 'ชื่อ',
  `file` text COLLATE utf8_unicode_ci NOT NULL COMMENT 'ไฟล์',
  `link` text COLLATE utf8_unicode_ci NOT NULL COMMENT 'ลิงค์'
) ENGINE=MyISAM DEFAULT CHARSET=utf8 COLLATE=utf8_unicode_ci COMMENT='รายละเอียดITA';

--
-- Dumping data for table `ita_detail`
--

INSERT INTO `ita_detail` (`ita_detail`, `id_ita`, `name`, `file`, `link`) VALUES
(1, 1, 'โครงสร้างองค์กร', '', 'http://sci.vru.ac.th/structure1.php'),
(2, 2, 'บอร์ดบริหาร', '', 'http://sci.vru.ac.th/board.php'),
(3, 2, 'สายตรงผู้บริหาร', '', 'http://sci.vru.ac.th/hotline.php'),
(4, 5, 'ติดต่อเรา', '', 'http://sci.vru.ac.th/contact.php'),
(5, 6, 'ประกาศ ระเบียบ ข้อบังคับ มหาวิทยาลัยราชภัฏวไลยอลงกรณ์ ในพระบรมราชูปถัมภ์', '', 'http://www.vru.ac.th/showlawspage.php'),
(6, 6, 'กฎหมายอื่ืน ๆ ที่เกี่ยวข้อง', '', 'http://www.vru.ac.th/about-vru/showlaws2.html'),
(7, 7, 'เว็บคณะวิทยาศาตร์และเทคโนโลยี', '', 'http://sci.vru.ac.th/'),
(8, 7, 'ภาพกิจกรรม', '', 'http://sci.vru.ac.th/activityccc.php'),
(9, 7, 'facebookคณะ', '', 'https://www.facebook.com/SciTechvru2018'),
(10, 8, 'Q&A', '', 'http://sci.vru.ac.th/ITA/index.php'),
(11, 9, 'facebookคณะ', '', 'https://www.facebook.com/SciTechvru2018/'),
(12, 9, 'ํYoutubeคณะ', '', 'https://www.youtube.com/channel/UCQW9awn5wFgFPotUk3XWWKg?view_as=public'),
(13, 8, 'เว็บคณะวิทยาศาตร์และเทคโนโลยี', '', 'http://sci.vru.ac.th/'),
(18, 13, 'คู่มือจัดระบบการเรียนการสอน', '', 'http://sci.vru.ac.th/backend/files/%E0%B8%84%E0%B8%B9%E0%B9%88%E0%B8%A1%E0%B8%B7%E0%B8%AD%E0%B8%88%E0%B8%B1%E0%B8%94%E0%B8%A3%E0%B8%B0%E0%B8%9A%E0%B8%9A%E0%B8%81%E0%B8%B2%E0%B8%A3%E0%B9%80%E0%B8%A3%E0%B8%B5%E0%B8%A2%E0%B8%99%E0%B8%81%E0%B8%B2%E0%B8%A3%E0%B8%AA%E0%B8%AD%E0%B8%99.pdf'),
(16, 12, 'รายงานติดตามผลงาน', '', 'http://council.vru.ac.th/kcfinder/newupload/files/1.2563/vara%2041/0%20%E0%B8%A3%E0%B8%B2%E0%B8%A2%E0%B8%87%E0%B8%B2%E0%B8%99%E0%B8%95%E0%B8%B4%E0%B8%94%E0%B8%95%E0%B8%B2%E0%B8%A1%E0%B8%AF.pdf'),
(17, 13, 'คู่มือการพัฒนาปรับปรุงหลักสูตร', '', 'http://sci.vru.ac.th/backend/files/%E0%B8%84%E0%B8%B9%E0%B9%88%E0%B8%A1%E0%B8%B7%E0%B8%AD%E0%B8%81%E0%B8%B2%E0%B8%A3%E0%B8%9E%E0%B8%B1%E0%B8%92%E0%B8%99%E0%B8%B2%E0%B8%AB%E0%B8%A5%E0%B8%B1%E0%B8%81%E0%B8%AA%E0%B8%B9%E0%B8%95%E0%B8%A3.pdf'),
(19, 17, 'ระบบจัดการยานพาหนะ', '', 'http://vehicle.vru.ac.th/'),
(20, 17, 'ระบบอบรมหลักสูตรระยะสั้น', '', 'http://sci.vru.ac.th/registercourse/userend/index.php'),
(21, 22, 'ข่าวสอบราคา/ประกวดราคา', '', 'http://www.vru.ac.th/shownewsType5.php'),
(22, 23, 'สรุปผลการจัดซื้อจัดจ้างในรอบเดือน', '', 'http://procurement.vru.ac.th/upload/file/280520_164501.pdf'),
(23, 25, 'นโยบายการบริหารทรัพยากรบุคคล', '', 'http://www.vru.ac.th/laws/280619_145926.pdf'),
(24, 26, 'การดำเนินการตามนโยบายการบริหารทรัพยากรบุคคล', '', 'http://sci.vru.ac.th/home.php'),
(25, 27, 'หลักเกณฑ์การบริหารและพัฒนาทรัพยากรบุคคล', '', 'http://www.vru.ac.th/staff.html'),
(26, 28, 'รายงานสรุปผลการด าเนินงานตามตัวชี้วัดเป้าประสงค์ และรายงานสรุปผลการด าเนินงานตามแผนการบริหารและพัฒนาบุคลากร', '', 'http://www.vru.ac.th/link-information/finalreportHRM-for-HRScorecard62.pdf'),
(27, 29, 'แนวปฏิบัติการจัดการเรื่องร้องเรียนการทุจริตและประพฤติมิชอบ', '', 'http://www.vru.ac.th/link-information/o29-complain-vru.pdf'),
(28, 30, 'ช่องทางแจ้งเรื่องร้องเรียนการทุจริตและประพฤติมิชอบ', '', 'http://www.vru.ac.th/about-vru/complain.html#'),
(29, 38, 'การเสริมสร้างวัฒนธรรมองค์กร', '', 'http://sci.vru.ac.th/view_activity.php?id_cover=1583823820_Cover_.jpg'),
(30, 41, 'รายงานประเมินความเสี่ยงการทุจริต การด าเนินงานที่อาจก่อให้เกิดการทุจริต หรือการขัดกันระหว่างผลประโยชน์ส่วนตน กับผลประโยชน์ส่วนรวม', '', 'http://www.vru.ac.th/link-information/report-corruption-2562.pdf'),
(31, 4, 'แผนกลยุทธคณะวิทย์-ปี 60-64 ปรับปรุงปีงบ62', 'แผนกลยุทธคณะวิทย์-ปี 60-64 ปรับปรุงปีงบ62.pdf', ''),
(32, 4, ' แผนกลยุทธ-ปี-60-64คณะวิทย์ปรับปรุงตามแผนมหาวิทยาลัยปีงบ63.pdf', '_แผนกลยุทธ-ปี-60-64คณะวิทย์ปรับปรุงตามแผนมหาวิทยาลัยปีงบ63.pdf', ''),
(33, 4, 'แผนปฏิบัติการคณะวิทย์ปี 2563', 'แผนปฏิบัติการคณะวิทย์ปี 2563(1).pdf', ''),
(34, 10, 'แผนปฏิบัติการคณะวิทย์ปี 2563', 'แผนปฏิบัติการคณะวิทย์ปี 2563.pdf', ''),
(38, 13, 'ทุนการศึกษา (Flow chat)', 'ทุนการศึกษา (Flow chat).pdf', ''),
(39, 14, 'ขั้นตอนการจองห้องประชุม (Flow chat)', 'ขั้นตอนการจองห้องประชุม (Flow chat).pdf', ''),
(40, 14, 'ขั้นตอนการจองรถยนต์ (Flow chat)', 'ขั้นตอนการจองรถยนต์ (Flow chat).pdf', ''),
(41, 14, 'ขั้นตอนการขอยืมอุปกรณ์ (Flow chat)', 'ขั้นตอนการขอยืมอุปกรณ์ (Flow chat).pdf', ''),
(42, 15, 'สถิติการใช้ห้องประชุมติการใช้ห้องประชุม', 'สถิติการใช้ห้องประชุม.pdf', ''),
(43, 15, 'สถิติการใช้รถยนต์', 'สถิติการใช้รถยนต์.pdf', ''),
(44, 16, 'ผลการสำรวจความพึงพอใจของผู้มีส่วนได้เสี', 'ผลการสำรวจความพึงพอใจของผู้มีส่วนได้เสี.pdf', ''),
(45, 18, 'กนผ-02-ปี-63 คณะวิทย์ ', 'กนผ-02-ปี-63 คณะวิทย์ แก้ไขครั้งที่ 6.pdf', ''),
(104, 4, 'การวิเคราะห์ข้อมูลนำเข้าเพื่อวินิจฉัยและกำหนดกลยุทธ์', 'การวิเคราะห์ข้อมูลนำเข้าเพื่อวินิจฉัย.pdf', ''),
(50, 21, 'แผนปี2562', 'แผนปี2562.pdf', ''),
(51, 21, 'แผนจัดซื้อจัดจ้างปีงบ2563', 'ซ1 ขออนุมัติการเผยแพร่แผนการจัดซื้อจัดจ้า.pdf', ''),
(55, 33, 'การจัดทำและทบทวนแผนยุทธศาสตร์และแผนปฏิบัติการประจำปีงบประมาณ ๒๕๖๔', '', 'http://sci.vru.ac.th/view_activity.php?id_cover=1593497925_Cover_.jpg'),
(53, 3, 'อำนาจหน้าที่', 'คำสั่งมหาวิทยาลัย 2484 มอบอำนาจให้คณบดีปฏิบ.PDF', ''),
(54, 24, 'ประกาศผลจัดซื้อจัดจ้าง', '', 'http://procurement.vru.ac.th/index.php?type=3'),
(59, 35, 'ภาพกิจกรรมประชุมเพื่อเสริมสร้างให้บุคลากรปฏิบัติงานอย่างโปร่งใสสุจริต ประจำปี 2562', '', 'http://www.vru.ac.th/file_links/activity-vru-ita-62.pdf'),
(57, 32, 'ช่องทางการรับฟังความคิดเห็น', '', 'https://www.facebook.com/SciTechvru2018/'),
(58, 34, 'นโยบายต่อต้านการให้สินบนเพื่อป้องกันการทุจริตและประพฤติมิชอบ', '', 'http://www.vru.ac.th/link-information/vru-anty-bribe.pdf'),
(60, 19, 'รายงานผลการดำเนินงานตามตัวชี้วัด แผนกลยุทธ์ และแผนปฏิบัติการ ระดับมหาวิทยาลัย', '', 'http://plan.vru.ac.th/?page_id=2756'),
(61, 19, 'รายงานการตั้งเบิกงบประมาณ ปีงบประมาณ พ.ศ. 2563 ระบบบัญชี 3 มิติ ณ 31 ธันวาคม 2562', '', 'http://mms.vru.ac.th/kcfinder/upload/files/1_2563/4.6.1.pdf'),
(62, 19, 'รายงานการตั้งเบิกสะสมงบประมาณภาพรวม (แผ่นดินและรายได้ประจำปีงบประมาณ พ.ศ. 2563 เดือน ตลุาคม - ธันวาคม พ.ศ. 2562)', '', 'http://mms.vru.ac.th/kcfinder/upload/files/1_2563/4.6.2.pdf'),
(63, 4, 'แผนยุทธศาสตร์คณะวิทย์ปี 60-64', 'o4 แผนยุทธศาสตร์คณะ.pdf', ''),
(64, 10, 'แผนดำเนินการประจำปี 64', 'o10 แผนดำเนินการประจำปี.pdf', ''),
(65, 11, 'รายงานการกำกับติดตามการดำเนินงานประจำรอบ 6 เดือน ปี64', 'o11 รายงานการกำกับติดตามการดำเนินงานประจำรอบ 6 เดือน.pdf', ''),
(66, 12, 'รายงานผลการดำเนินงานประจำปี 2563', 'o12 รายงานผลการดำเนินงานประจำปี 2563.pdf', ''),
(67, 18, 'แผนการใช้จ่ายงบประมาณประจำปี 64', 'o18 แผนการใช้จ่ายงบประมาณประจำปี.pdf', ''),
(68, 19, 'รายงานการกำกับติดตามการใช้จ่ายงบประมาณ ปี 64', 'o19 รายงานการกำกับติดตามการใช้จ่ายงบประมาณ.pdf', ''),
(69, 20, 'รายงานผลการดำเนินงานประจำปี 2563', 'o20 รายงานผลการดำเนินงานประจำปี 2563.pdf', ''),
(70, 15, 'สถิติการใช้ห้องประชุม ประจำปี 64', 'สถิติการใช้ห้องประชุม.pdf', ''),
(71, 15, 'สถิติการใช้รถยนต์ ประจำปี 64', 'สถิติการใช้รถยนต์.pdf', ''),
(72, 10, 'แผนปฏิบัติราชการ Action Plan มหาวิทยาลัยราชภัฏวไลยอลงกรณ์ ในพระบรมราชูปถัมภ์', '', 'http://plan.vru.ac.th/?page_id=3302'),
(73, 11, 'รายงานผลการดำเนินงานตามตัวชี้วัด', '', 'http://plan.vru.ac.th/?page_id=2756'),
(74, 20, 'รายงานผลการดำเนินงานประจำปีงบประมาณ', '', 'http://plan.vru.ac.th/?page_id=2756'),
(75, 21, 'แผนการจัดซื้อจัดจ้างหรือแผนการจัดหาพัสดุ', '', 'http://procurement.vru.ac.th/index.php?type=1'),
(76, 21, 'ข่าวสอบราคา/ประกวดราคา', '', 'http://www.vru.ac.th/shownewsType5.php'),
(77, 22, 'ประกาศจัดซื้อจัดจ้าง', '', 'http://procurement.vru.ac.th/index.php?type=1'),
(78, 25, 'เว็บไซต์งานบริหารบุคคลของมหาวิทยาลัย', '', 'http://pres.vru.ac.th/'),
(79, 25, 'แผน & การบริหารงานบุคคล', '', 'http://pres.vru.ac.th/#features'),
(80, 25, 'หลักเกณฑ์การบริหารและพัฒนาทรัพยากรบุคคล', '', 'http://www.vru.ac.th/about-vru/information-vru.html'),
(81, 26, 'เว็บไซต์งานบริหารบุคคลของมหาวิทยาลัย', '', 'http://pres.vru.ac.th/'),
(82, 26, 'นโยบายการบริหารทรัพยากรบุคคล', '', 'http://www.vru.ac.th/laws/280619_145926.pdf'),
(83, 26, 'แผน & การบริหารงานบุคคล', '', 'http://pres.vru.ac.th/#features'),
(84, 26, 'การบริหารทรัพยากรบุคคล', '', 'http://www.vru.ac.th/about-vru/information-vru.html'),
(85, 27, 'เว็บไซต์งานบริหารบุคคลของมหาวิทยาลัย', '', 'http://pres.vru.ac.th/'),
(86, 27, 'แผน & การบริหารงานบุคคล', '', 'http://pres.vru.ac.th/#features'),
(87, 27, 'ข่าวรับสมัครงานมหาวิทยาลัย', '', 'http://www.vru.ac.th/index.php'),
(88, 27, 'หลักเกณฑ์การบริหารและพัฒนาทรัพยากรบุคคล', '', 'http://www.vru.ac.th/staff.html'),
(89, 28, 'รายงานสรุปผลการดำเนินงานตามตัวชี้วัดเป้าประสงค์ และรายงานสรุปผลการดำเนินงานตามแผนการบริหารและพัฒนาบุคลากร', '', 'http://www.vru.ac.th/link-information/finalreportHRM-for-HRScorecard62.pdf'),
(90, 28, 'เว็บไซต์งานบริหารบุคคลของมหาวิทยาลัย', '', 'http://pres.vru.ac.th/'),
(91, 29, 'แนวปฏิบัติการจัดการเรื่องร้องเรียนการทุจริตและประพฤติมิชอบ', '', 'http://www.vru.ac.th/link-information/o29-complain-vru.pdf'),
(92, 29, 'แนวปฏิบัติการจัดการเรื่องร้องเรียนการทุจริตและประพฤติมิชอบของมหาวิทยาลัย', '', 'http://www.vru.ac.th/valaya-ita.html'),
(93, 30, 'ช่องทางแจ้งเรื่องร้องเรียนการทุจริตและประพฤติมิชอบ', '', 'http://www.vru.ac.th/about-vru/complain.html#'),
(94, 31, 'ไม่มีเรื่องร้องเรียน', '', '#'),
(95, 33, 'กรอบแนวทาง การมีส่วนร่วมของภาคประชาชน และผู้มีส่วนได้เสีย ประจำปีงบประมาณ พ.ศ. 2561', '', 'http://www.vru.ac.th/file_links/Sum-ITA-2561.pdf'),
(96, 33, 'กรอบแนวทาง การมีส่วนร่วมของภาคประชาชน และผู้มีส่วนได้เสีย ประจำปีงบประมาณ พ.ศ. 2562', '', 'http://www.vru.ac.th/file_links/Sum-ITA-2562.pdf'),
(97, 36, 'Valaya-ITA นโยบายการป้องกันการทุจริตของมหาวิทยาลัยราชภัฏวไลยอลงกรณ์ ในพระบรมราชูปถัมภ์', '', 'http://www.vru.ac.th/valaya-ita.html'),
(98, 37, 'Valaya-ITA นโยบายการป้องกันการทุจริตของมหาวิทยาลัยราชภัฏวไลยอลงกรณ์ ในพระบรมราชูปถัมภ์', '', 'http://www.vru.ac.th/valaya-ita.html'),
(99, 39, 'Valaya-ITA นโยบายการป้องกันการทุจริตของมหาวิทยาลัยราชภัฏวไลยอลงกรณ์ ในพระบรมราชูปถัมภ์', '', 'http://www.vru.ac.th/valaya-ita.html'),
(100, 40, 'Valaya-ITA นโยบายการป้องกันการทุจริตของมหาวิทยาลัยราชภัฏวไลยอลงกรณ์ ในพระบรมราชูปถัมภ์', '', 'http://www.vru.ac.th/valaya-ita.html'),
(101, 42, 'Valaya-ITA นโยบายการป้องกันการทุจริตของมหาวิทยาลัยราชภัฏวไลยอลงกรณ์ ในพระบรมราชูปถัมภ์', '', 'http://www.vru.ac.th/valaya-ita.html'),
(102, 42, 'มาตรการและแนวปฏิบัติการมีส่วนร่วม', '', 'http://www.vru.ac.th/file_links/o43-vru.pdf'),
(103, 43, 'Valaya-ITA นโยบายการป้องกันการทุจริตของมหาวิทยาลัยราชภัฏวไลยอลงกรณ์ ในพระบรมราชูปถัมภ์', '', 'http://www.vru.ac.th/valaya-ita.html');

-- --------------------------------------------------------

--
-- Table structure for table `ita_head`
--

CREATE TABLE `ita_head` (
  `id_ita` int(11) NOT NULL,
  `sub_ita` text COLLATE utf8_unicode_ci NOT NULL COMMENT 'หัวข้อITA',
  `detail` text COLLATE utf8_unicode_ci NOT NULL COMMENT 'รายละเอียดหัวข้อ'
) ENGINE=MyISAM DEFAULT CHARSET=utf8 COLLATE=utf8_unicode_ci COMMENT='หัวข้อITA';

--
-- Dumping data for table `ita_head`
--

INSERT INTO `ita_head` (`id_ita`, `sub_ita`, `detail`) VALUES
(2, 'ข้อมูลผู้บริหาร', 'o  แสดงข้อมูลของผู้บริหารสูงสุดหรือหัวหน้าหน่วยงาน และผู้ดำรงตำแหน่งทางการบริหารของหน่วยงาน<br>\r\no แสดงข้อมูล อย่างน้อยประกอบด้วย ด้วยชื่อ-นามสกุล ตำแหน่งรูปถ่าย และช่องทางการติดต่อของผู้บริหารแต่ละคน\r\n'),
(3, 'อำนาจหน้าที่', 'o แสดงข้อมูลหน้าที่และอำนาจของหน่วยงานตามที่กฎหมายกำหนด'),
(4, 'แผนยุทธ์ศาสต์หรือแผนพัฒนาหน่วยงาน', 'o แสดงแผนการดำเนินภารกิจของหน่วยงานที่มีระยะมากกว่า1 ปี<br>\r\no มีข้อมูลรายละเอียดของแผนฯ เช่น ยุทธศาสตร์หรือแนวทาง เป้าหมาย ตัวชี้วัด เป็นต้น<br>\r\no เป็นแผนที่มีระยะเวลาบังคับใช้ครอบคลุมปี พ.ศ. 2564\r\n\r\n'),
(5, 'ข้อมูลการติดต่อ', 'แสดงข้อมูลการติดต่อ ดังนี้<br>\r\no ที่อยู่หน่วยงาน<br>\r\no หมายเลขโทรศัพท์<br>\r\no หมายเลขโทรสาร<br>\r\no ที่อยู่ไปรษณีย์อิเล็กทรอนิกส์<br>\r\no แผนที่ตั้งหน่วยงาน\r\n'),
(6, 'กฎหมายที่เกี่ยวข้อง', 'o แสดงกฎหมายที่เกี่ยวข้องกับการดำเนินงานหรือการปฏิบัติงานของหน่วยงาน'),
(7, 'ข่าวประชาสัมพันธ์', 'o แสดงข้อมูลข่าวสารต่าง ๆ ที่เกี่ยวข้องกับการดำเนินงานตามอำนาจหน้าที่หรือภารกิจของหน่วยงาน<br>\r\no เป็นข้อมูลข่าวสารที่เกิดขึ้น   ในปี พ.ศ. 2564\r\n'),
(8, 'Q&A', 'o แสดงตำแหน่งบนเว็บไซต์ของหน่วยงานที่บุคคลภายนอกสามารถสอบถามข้อมูลต่าง ๆ ได้ และหน่วยงานสามารถสื่อสารให้คำตอบกับผู้สอบถามได้ โดยมีลักษณะเป็นการสื่อสารได้สองทาง (Q&A)ยกตัวอย่างเช่น Web board, กล่องข้อความถาม-ตอบ เป็นต้น'),
(9, 'Social Network', 'o แสดงตำแหน่งบนเว็บไซต์ของหน่วยงานที่สามารถเชื่อมโยงไปยังเครือข่ายสังคมออนไลน์ของหน่วยงาน '),
(10, 'แผนดำเนินงานประจำปี', 'o แสดงแผนการดาเนินภารกิจของหน่วยงานที่มีระยะ 1 ปี<br>\r\no มีข้อมูลรายละเอียดของแผนฯ ยกตัวอย่างเช่น โครงการหรือกิจกรรม งบประมาณที่ใช้ ระยะเวลาในการดำเนินการ เป็นต้น<br>\r\no เป็นแผนที่มีระยะเวลาบังคับใช้ในปี พ.ศ. 2564\r\n'),
(11, 'รายงานการกำกับติดตามการดำเนินงานประจำปีรอบ 6 เดือน', 'o แสดงความก้าวหน้าในการดำเนินงานตามแผนดำเนินงานประจำปี<br>\r\no มีเนื้อหาหรือรายละเอียด ความก้าวหน้ายกตัว อย่างเช่นความก้าวหน้าการดำเนินการแต่ละโครงการ/กิจกรรม รายละเอียดงบประมาณที่ใช้ดำเนินงาน เป็นต้น<br>\r\no เป็นข้อมูลในระยะเวลา 6 เดือนแรกของปี พ.ศ.2564\r\n'),
(12, 'รายงานผลการดำเนินงานประจำปี', 'o แสดงผลการดำเนินงานตามแผนดำเนินงานประจำปี<br>\r\no มีข้อมูลรายละเอียดสรุปผลการดำเนินงาน ยกตัวอย่างเช่น ผลการดำเนินการโครงการหรือกิจกรรมผลการใช้จ่ายงบประมาณ ปัญหาอุปสรรค ข้อเสนอแนะ ผลสัมฤทธิ์ตามเป้าหมาย เป็นต้น<br>\r\no เป็นรายงานผลของปีพ.ศ.2563\r\n'),
(13, 'คู่มือหรือมาตราฐานการปฏิบัติงาน', 'o แสดงคู่มือหรือแนวทางการปฏิบัติงานที่เจ้าหน้าที่ของหน่วยงานใช้ยึดถือปฏิบัติให้เป็นมาตรฐานเดียวกัน<br>\r\no มีข้อมูลรายละเอียดของการปฏิบัติงาน ยกตัวอย่างเช่น เป็นคู่มือปฏิบัติภารกิจใด สำหรับเจ้าหน้าที่หรือพนักงานตำแหน่งใด กำหนดวิธีการขั้นตอนการปฏิบัติอย่างไร เป็นต้น\r\n'),
(14, 'คู่มือหรือมาตราฐานการให้บริการ', 'o แสดงคู่มือหรือแนวทางการปฏิบัติที่ผู้รับบริการหรือผู้มาติดต่อกับหน่วยงานใช้เป็นข้อมูลในการขอรับบริการหรือติดต่อกับหน่วยงาน<br>\r\no มีข้อมูลรายละเอียดของการปฏิบัติ ยกตัวอย่างเช่น เป็นคู่มือสำหรับบริการหรือภารกิจใด กำหนดวิธีการขั้นตอนการให้บริการหรือการติดต่ออย่างไร เป็นต้น\r\n'),
(15, 'ข้อมูลเชิงสถิติ(ตุลาคม 62 – มีนาคม 63)', 'o แสดงข้อมูลสถิติการให้บริการของหน่วยงาน<br>\r\no เป็นข้อมูลในระยะเวลาอย่างน้อย 6 เดือนแรกของ\r\n   ปี พ.ศ.2564\r\n'),
(16, 'รายงานผลการสำรวจความพึงพอใจการให้บริการ', 'o แสดงผลสำรวจความพึงพอใจการให้บริการของหน่วยงาน<br>\r\no เป็นรายงานผลของปี พ.ศ. 2563\r\n'),
(17, 'E-Service', 'o แสดงช่องทางที่บุคคลภายนอกสามารถขอรับบริการกับหน่วยงานผ่านช่องทางออนไลน์ เพื่อช่วยอำนวยความสะดวกแก่ผู้ขอรับบริการ<br>\r\no สามารถเข้าถึงหรือเชื่อมโยงไปยังช่องทางข้างต้นได้จากเว็บไซต์หลักของหน่วยงาน\r\n'),
(18, 'แผนการใช้จ่ายงบประมาณประจำปี', 'o แสดงแผนการใช้จ่ายงบประมาณของหน่วยงานที่มีระยะ 1 ปี<br>\r\no มีข้อมูลรายละเอียดของแผนฯ ยกตัวอย่างเช่น งบประมาณตามแหล่งที่ได้รับการจัดสรร งบประมาณตามประเภทรายการใช้จ่าย เป็นต้น<br>\r\no เป็นแผนที่มีระยะเวลาบังคับ ใช้ในปี พ.ศ. 2564\r\n'),
(19, 'รายงานการกำกับติดตามการใช้จ่ายงบประมาณประจำปีรอบ 6', 'o มีข้อมูลรายละเอียดความก้าวหน้า ยกตัวอย่าง เช่น ความก้าวหน้าการใช้จ่ายงบประมาณ เป็นต้น<br>\r\no เป็นข้อมูลในระยะเวลา 6 เดือนแรกของปี พ.ศ. 2564\r\n'),
(20, 'รายงานผลการใช้จ่ายงบประมาณประจำปี', 'o แสดงผลการดำเนินงานตามแผนการใช้จ่ายงบประมาณประจำปี <br>\r\no มีข้อมูลรายละเอียดสรุปผล การใช้จ่ายงบประมาณ เช่น ผลการใช้จ่ายงบประมาณ ปัญหา อุปสรรค ข้อเสนอแนะ ผลสัมฤทธิ์ตามเป้าหมายเป็นต้น <br>\r\no เป็นรายงานผลของปีพ.ศ.2563\r\n'),
(21, 'แผนการจัดซื้อจัดจ้างหรือแผนการจัดหาพัสดุ', 'o แสดงแผนการจัดซื้อจัดจ้างหรือแผนการจัดหาพัสดุตามที่หน่วยงานจะต้องดำเนินการตามพระราชบัญญัติการจัดซื้อจัดจ้างและการบริหารพัสดุภาครัฐ พ.ศ. 2560 <br>\r\no เป็นข้อมูลการจัดซื้อจัดจ้างในปี พ.ศ.2564\r\n'),
(22, 'ประกาศต่างๆเกี่ยวกับการจัดซื้อจัดจ้างหรือการจัดหาพัสดุ', 'o แสดงประกาศตามที่หน่วยงานจะต้องดำเนินการตามพระราชบัญญัติการจัดซื้อจัดจ้างและการบริหารพัสดุภาครัฐ พ.ศ. 2560 เช่น ประกาศเชิญชวนประกาศผลการจัดซื้อจัดจ้าง เป็นต้น <br>\r\no เป็นข้อมูลการจัดซื้อจัดจ้าง ในปี พ.ศ.2564\r\n'),
(23, 'สรุปผลการจัดซื้อจัดจ้างหรือการจัดหาพัสดุรายเดือน', 'o แสดงสรุปผลการจัดซื้อจัดจ้างของหน่วยงาน<br>\r\no มีข้อมูลรายละเอียดผลการจัดซื้อจัดจ้าง ยกตัวอย่างเช่น งานที่ซื้อหรือจ้าง วงเงินที่ซื้อหรือจ้าง ราคากลาง วิธีการซื้อหรือจ้าง รายชื่อผู้เสนอราคาและราคาที่เสนอ ผู้ได้รับการคัดเลือกและราคาที่ตกลงเหตุผลที่คัดเลือกโดยสรุป เลขที่และวันที่ของสัญญาหรือข้อตกลงในการซื้อหรือจ้าง เป็นต้น<br>\r\no จำแนกข้อมูลเป็นรายเดือน (กรณีไม่มีการจัดซื้อจัดจ้างในรอบเดือนใดให้เผยแพร่ว่าไม่มีการจัดซื้อจัดจ้างในเดือนนั้น<br>\r\no เป็นข้อมูลในระยะเวลาอย่างน้อย 6 เดือนแรกของปี พ.ศ. 2564\r\n'),
(24, 'รายงานผลการจัดซื้อจัดจ้างหรือการจัดหาพัสดุประจำปี', 'o แสดงผลการจัดซื้อจัดจ้างของหน่วยงาน<br>\r\no มีข้อมูลรายละเอียด ยกตัวอย่างเช่น งบประมาณที่ใช้ในการจัดซื้อจัดจ้าง ปัญหา อุปสรรค ข้อเสนอแนะ เป็นต้น<br>\r\no เป็นรายงานผลของปี พ.ศ. 2563\r\n'),
(25, 'นโยบายการบริหารทรัพยากรบุคคล', 'o เป็นนโยบายหรือแผนการบริหารและพัฒนาทรัพยากรบุคคลที่ยังใช้บังคับในหน่วยงานในปี พ.ศ. 2564<br>\r\no แสดงนโยบาย หรือแผนการบริหารและพัฒนาทรัพยากรบุคคลที่มีจุดมุ่งหมายหรือวัตถุประสงค์ เพื่อก่อให้เกิดการบริหารทรัพยากรบุคคล  ที่มีความโปร่งใสและมีคุณธรรม<br>\r\no เป็นนโยบายหรือแผนการบริการและพัฒนาทรัพยากรบุคคลของผู้บริหารสูงสุด ที่กำหนดในนามของหน่วยงาน\r\n'),
(26, 'การดำเนินการตามนโยบายการบริหารทรัพยากรบุคคล', 'o แสดงการดำเนินการตามนโยบายหรือแผนการบริหารและพัฒนาทรัพยากรบุคคล ยกตัวอย่างเช่น การวางแผนกำลังคน การสรรหาคนดีคนเก่งเพื่อปฏิบัติงานตามภารกิจของหน่วยงาน การพัฒนาบุคลากรการสร้างทางก้าวหน้าในสายอาชีพ การพัฒนาคุณภาพชีวิต การบรรจุและแต่งตั้งบุคลากร การประเมินผลการปฏิบัติงาน การส่งเสริมจริยธรรมและรักษาวินัยของบุคลากรในหน่วยงาน เป็นต้น<br>\r\no เป็นการดำเนินการที่มีความสอดรับกับนโยบาย หรือแผนการบริหารและพัฒนาทรัพยากรบุคคล\r\n'),
(27, 'หลักเกรณ์การบริหารและพัฒนาทรัพยากรบุคคล', 'แสดงหลักเกณฑ์การบริหารและพัฒนาทรัพยากรบุคคลที่ยังใช้บังคับในหน่วยงานในปี พ.ศ. 2564 อย่างน้อยประกอบด้วย<br>\r\no การสรรหาและคัดเลือกบุคลากร <br>\r\no การบรรจุและแต่งตั้งบุคลากร  <br>\r\no การพัฒนาบุคลากร<br>\r\no การประเมินผลการปฏิบัติงานบุคลากร<br>\r\no การให้คุณให้โทษและการสร้างขวัญกำลังใจ\r\n'),
(28, 'รายงานผลการบริหารและพัฒนาทรัพยากรบุคคลประจำปี', 'o เป็นรายงานผลของปีที่ผ่านมา พ.ศ. 2563 <br>\r\no แสดงผลการบริหารและพัฒนาทรัพยากรบุคคล <br>\r\no มีข้อมูลรายละเอียดของการดำเนินการ ยกตัวอย่างเช่น ผลการดำเนินการตามนโยบายการบริหารทรัพยากรบุคคล ผลการวิเคราะห์การบริหารและพัฒนาทรัพยากรบุคคล เป็นต้น\r\n'),
(29, 'แนวปฏิบัติการจัดการเรื่องร้องเรียนการทุจริต', 'o แสดงคู่มือหรือแนวทางการดำเนินการต่อเรื่องร้องเรียน   ที่เกี่ยวข้องกับการทุจริตและประพฤติมิชอบของเจ้าหน้าที่ของหน่วยงาน<br>\r\no มีข้อมูลรายละเอียดของการปฏิบัติงาน ยกตัวอย่างเช่น รายละเอียดวิธีการที่บุคคลภายนอกจะทำการร้องเรียน รายละเอียดขั้นตอนหรือวิธีการในการจัดการต่อเรื่องร้องเรียน ส่วนงานที่รับผิดชอบ ระยะเวลาดำเนินการ เป็นต้น\r\n'),
(30, 'ช่องทางแจ้งเรื่องร้องเรียนการทุจริต', 'o แสดงช่องทางที่บุคคลภายนอกสามารถแจ้งเรื่องร้องเรียนเกี่ยวกับการทุจริตและประพฤติมิชอบของเจ้าหน้าที่ของหน่วยงานผ่านทางช่องทางออนไลน์ โดยแยกต่างหากจากช่องทางทั่วไป เพื่อเป็นการคุ้มครองข้อมูลของผู้แจ้งเบาะแสและเพื่อให้สอดคล้องกับแนวปฏิบัติการจัดการเรื่องร้องเรียนการทุจริตและประพฤติมิชอบ<br>\r\no สามารถเข้าถึงหรือเชื่อมโยงไปยังช่องทางข้างต้นได้จากเว็บไซต์หลักของหน่วยงาน\r\n'),
(31, 'ข้อมูลเชิงสถิติเรื่องร้องเรียนการทุจริตประจำปี', 'o แสดงข้อมูลสถิติเรื่องร้องเรียนการทุจริตและประพฤติมิชอบของเจ้าหน้าที่ของหน่วยงาน<br>\r\no มีข้อมูลความก้าวหน้าการจัดการเรื่องร้องเรียน ยกตัวอย่างเช่นจำนวนเรื่อง เรื่องที่ดำเนินการแล้วเสร็จ เรื่องที่อยู่ระหว่างดำเนินการเป็นต้น (กรณีไม่มีเรื่องร้องเรียนให้เผยแพร่ว่าไม่มีเรื่องร้องเรียน)<br>\r\no เป็นข้อมูลในระยะเวลาอย่างน้อย 6 เดือนแรกของปี พ.ศ. 2564\r\n'),
(32, 'ช่องทางการรับฟังความคิดเห็น', 'o แสดงช่องทางที่บุคคลภายนอกสามารถแสดงความคิดเห็นต่อการดำเนินงานตามอำนาจหน้าที่หรือภารกิจของหน่วยงานผ่านทางช่องทางออนไลน์<br>\r\no สามารถเข้าถึงหรือเชื่อมโยงไปยังช่องทางข้างต้นได้จากเว็บไซต์หลักของหน่วยงาน\r\n'),
(33, 'การเปิดโอกาสให้เกิดการมีส่วนร่วม', 'o แสดงการดำเนินการหรือกิจกรรมที่แสดงถึงการเปิดโอกาสให้ผู้มีส่วนได้ส่วนเสียได้มีส่วนร่วมในการดำเนินงานตามภารกิจของหน่วยงาน ยกตัวอย่างเช่น ร่วมวางแผน ร่วมดำเนินการ ร่วแลกเปลี่ยนความคิดเห็น หรือร่วมติดตามประเมินผล เป็นต้น<br>\r\no เป็นการดำเนินการในปี พ.ศ. 2564\r\n'),
(34, 'เจตจำนงสุจริตของผู้บริหาร', 'o แสดงเนื้อหาเจตนารมณ์หรือคำมั่นว่าจะปฏิบัติหน้าที่และบริหารหน่วยงานอย่างซื่อสัตย์สุจริต โปร่งใสและเป็นไปตามหลักธรรมาภิบาล<br>\r\no ดำเนินการโดยผู้บริหารสูงสุดคนปัจจุบันของหน่วยงาน'),
(35, 'การมีส่วนร่วมของผู้บริหาร', 'o แสดงการดำเนินการหรือกิจกรรมที่แสดงถึงการมีส่วนร่วมของผู้บริหารสูงสุดคนปัจจุบัน<br>\r\no เป็นการดำเนินการหรือกิจกรรมที่แสดงให้เห็นถึงการให้ความสาคัญกับการปรับปรุง พัฒนา และส่งเสริมหน่วยงานด้านคุณธรรมและโปร่งใส<br>\r\no เป็นการดำเนินการในปี พ.ศ. 2564\r\n'),
(36, 'การประเมินความเสี่ยงการทุจริตประจำปี', 'o แสดงผลการประเมินความเสี่ยงของการดำเนินงานหรือ การปฏิบัติหน้าที่ที่อาจก่อให้เกิดการทุจริตหรือก่อให้เกิดการขัดกันระหว่างผลประโยชน์ส่วนตนกับผลประโยชน์ส่วนรวมของหน่วยงาน <br>\r\no มีข้อมูลรายละเอียดของผลการประเมิน เช่น เหตุการณ์ความเสี่ยงและระดับของความเสี่ยง มาตรการและการดำเนินการในการบริหารจัดการความเสี่ยง เป็นต้น <br>\r\no เป็นการดำเนินการในปี พ.ศ.2564\r\n'),
(37, 'การดำเนินการเพื่อจัดการ ความเสี่ยงการทุจริต', 'o แสดงการดำเนินการหรือกิจกรรมที่แสดงถึงการจัดการความเสี่ยงในกรณีที่อาจก่อให้เกิดการทุจริตหรือก่อให้เกิดการขัดกันระหว่างผลประโยชน์ส่วนตนกับผลประโยชน์ส่วนรวมของหน่วยงาน <br>\r\no เป็นกิจกรรมหรือการดำเนินการที่สอดคล้องกับมาตรการหรือการ\r\nดำเนินการเพื่อบริหารจัดการความเสี่ยงตามข้อ O36 <br>\r\no เป็นการดำเนินการในปี พ.ศ.2564\r\n'),
(38, 'การเสริมสร้างวัฒนธรรมองค์กร', 'o แสดงการดำเนินการหรือกิจกรรมที่แสดงถึงการเสริมสร้างวัฒนธรรมองค์กรให้เจ้าหน้าที่ของหน่วยงานมีทัศนคติ ค่านิยม ในการปฏิบัติงานอย่างซื่อสัตย์สุจริต อย่างชัดเจน  <br>\r\no เป็นการดำเนินการในปี พ.ศ.2564\r\n'),
(39, 'แผนปฏิบัติการป้องกันการทุจริตประจำปี', 'o แสดงแผนปฏิบัติการที่มีวัตถุประสงค์เพื่อป้องกันการทุจริตหรือพัฒนาด้านคุณธรรมและความโปร่งใสของหน่วยงาน <br>\r\no มีข้อมูลรายละเอียดของแผนฯ เช่น โครงการ กิจกรรมงบประมาณ ช่วงเวลาดำเนินการ เป็นต้น <br>\r\no เป็นแผนที่มีระยะเวลาบังคับ  ใช้ครอบคลุมปี พ.ศ.2564\r\n'),
(40, 'รายงานการกำกับติดตามการดำเนินการป้องกันการทุจริต ประจำปีรอบ 6 เดือน', 'o แสดงความก้าวหน้าในการดำเนินงานตามแผนปฏิบัติการป้องกันการทุจริต <br>\r\no มีข้อมูลรายละเอียดความก้าวหน้า เช่นความก้าวหน้าการดำเนินการแต่ละโครงการ/กิจกรรม รายละเอียดงบประมาณที่ใช้ดำเนินงาน เป็นต้น <br>\r\no เป็นข้อมูลในระยะเวลา 6 เดือนแรกของปี พ.ศ.2564\r\n'),
(41, 'รายงานผลการดำเนินการป้องกันการทุจริตประจำปี', 'o แสดงผลการดำเนินงานตามแผนปฏิบัติการป้องกันการทุจริต <br>\r\no มีข้อมูลรายละเอียดสรุปผล การดำเนินการ เช่น ผลการดำเนินการโครงการหรือกิจกรรม ผลการใช้จ่ายงบประมาณ ปัญหา อุปสรรค ข้อเสนอแนะ ผลสัมฤทธิ์ตามเป้าหมาย เป็นต้น <br>\r\no ใช้รายงานผลของปี พ.ศ. 2563\r\n\r\n'),
(42, 'มาตรการส่งเสริม คุณธรรมและความ โปร่งใสภายในหน่วยงาน', 'o แสดงการวิเคราะห์ผลการประเมินคุณธรรมและความโปร่งใสในการ ดำเนินงานของหน่วยงานภาครัฐ ในปี พ.ศ. 2563  <br>\r\no มีข้อมูลรายละเอียดการวิเคราะห์ เช่น ประเด็นที่เป็นข้อบกพร่อง หรือจุดอ่อนที่จะต้องแก้ไขโดยเร่งด่วน ประเด็นที่จะต้องพัฒนาให้ดีขึ้น แนวทางการนำผลการวิเคราะห์ไปสู่การปฏิบัติของหน่วยงาน เป็นต้น <br>\r\no มีมาตรการเพื่อขับเคลื่อนการส่งเสริมคุณธรรมและความโปร่งใส ภายในหน่วยงานให้ดีขึ้น ซึ่งสอดคล้องตามผลการวิเคราะห์ฯ โดยมี รายละเอียดต่างๆ เช่น การกำหนดผู้รับผิดชอบหรือผู้ที่เกี่ยวข้อง การ กำหนดขั้นตอนหรือวิธีการปฏิบัติ  การกำหนดแนวทางการกำกับ ติดตามให้นำไปสู่การปฏิบัติและการรายงานผล เป็นต้น\r\n'),
(43, 'การดำเนินการตาม มาตรการส่งเสริม คุณธรรมและความ โปร่งใสภายในหน่วยงาน', 'o มีข้อมูลรายละเอียดการนำ มาตรการเพื่อส่งเสริมคุณธรรมและความ โปร่งใสภายใน หน่วยงานในข้อ O42 ไปสู่การปฏิบัติอย่างเป็นรูปธรรม <br>\r\no เป็นการดำเนินการในปีพ.ศ.2564\r\n');

-- --------------------------------------------------------

--
-- Table structure for table `report_detail`
--

CREATE TABLE `report_detail` (
  `id_detail` int(11) NOT NULL,
  `id_report` int(11) NOT NULL,
  `title` text NOT NULL,
  `name_title` text NOT NULL,
  `file` text NOT NULL,
  `link` text NOT NULL
) ENGINE=MyISAM DEFAULT CHARSET=utf8;

--
-- Dumping data for table `report_detail`
--

INSERT INTO `report_detail` (`id_detail`, `id_report`, `title`, `name_title`, `file`, `link`) VALUES
(1, 1, '1', '1.1 (1) การขออนุมัติงบประมาณจากเงินรายได้สะสมของมหาวิทยาลัย ดำเนินการก่อสร้างและปรับปรุงอาคารปฏิบัติการจัดทำธุรกิจสมัยใหม่ (Modern Trade) ปรับปรุงลานจอดรถ และอาคารปฏิบัติการพัฒนาผลิตภัณฑ์ชุมชน', '', 'http://council.vru.ac.th/admin/spa_class_detail.php?title=%E0%B9%93.%E0%B9%91%C2%A0%20%E0%B8%81%E0%B8%B2%E0%B8%A3%E0%B8%82%E0%B8%AD%E0%B8%AD%E0%B8%99%E0%B8%B8%E0%B8%A1%E0%B8%B1%E0%B8%95%E0%B8%B4%E0%B8%87%E0%B8%9A%E0%B8%9B%E0%B8%A3%E0%B8%B0%E0%B8%A1%E0%B8%B2%E0%B8%93%E0%B8%88%E0%B8%B2%E0%B8%81%E0%B9%80%E0%B8%87%E0%B8%B4%E0%B8%99%E0%B8%A3%E0%B8%B2%E0%B8%A2%E0%B9%84%E0%B8%94%E0%B9%89%E0%B8%AA%E0%B8%B0%E0%B8%AA%E0%B8%A1%E0%B8%82%E0%B8%AD%E0%B8%87%E0%B8%A1%E0%B8%AB%E0%B8%B2%E0%B8%A7%E0%B8%B4%E0%B8%97%E0%B8%A2%E0%B8%B2%E0%B8%A5%E0%B8%B1%E0%B8%A2%20%E0%B8%94%E0%B8%B3%E0%B9%80%E0%B8%99%E0%B8%B4%E0%B8%99%E0%B8%81%E0%B8%B2%E0%B8%A3%E0%B8%81%E0%B9%88%E0%B8%AD%E0%B8%AA%E0%B8%A3%E0%B9%89%E0%B8%B2%E0%B8%87%E0%B9%81%E0%B8%A5%E0%B8%B0%E0%B8%9B%E0%B8%A3%E0%B8%B1%E0%B8%9A%E0%B8%9B%E0%B8%A3%E0%B8%B8%E0%B8%87%E0%B8%AD%E0%B8%B2%E0%B8%84%E0%B8%B2%E0%B8%A3%E0%B8%9B%E0%B8%8F%E0%B8%B4%E0%B8%9A%E0%B8%B1%E0%B8%95%E0%B8%B4%E0%B8%81%E0%B8%B2%E0%B8%A3%E0%B8%88%E0%B8%B1%E0%B8%94%E0%B8%97%E0%B8%B3%E0%B8%98%E0%B8%B8%E0%B8%A3%E0%B8%81%E0%B8%B4%E0%B8%88%E0%B8%AA%E0%B8%A1%E0%B8%B1%E0%B8%A2%E0%B9%83%E0%B8%AB%E0%B8%A1%E0%B9%88%20(Modern%20Trade)%20%E0%B8%9B%E0%B8%A3%E0%B8%B1%E0%B8%9A%E0%B8%9B%E0%B8%A3%E0%B8%B8%E0%B8%87%E0%B8%A5%E0%B8%B2%E0%B8%99%E0%B8%88%E0%B8%AD%E0%B8%94%E0%B8%A3%E0%B8%96%20%E0%B9%81%E0%B8%A5%E0%B8%B0%E0%B8%AD%E0%B8%B2%E0%B8%84%E0%B8%B2%E0%B8%A3%E0%B8%9B%E0%B8%8F%E0%B8%B4%E0%B8%9A%E0%B8%B1%E0%B8%95%E0%B8%B4%E0%B8%81%E0%B8%B2%E0%B8%A3%E0%B8%9E%E0%B8%B1%E0%B8%92%E0%B8%99%E0%B8%B2%E0%B8%9C%E0%B8%A5%E0%B8%B4%E0%B8%95%E0%B8%A0%E0%B8%B1%E0%B8%93%E0%B8%91%E0%B9%8C%E0%B8%8A%E0%B8%B8%E0%B8%A1%E0%B8%8A%E0%B8%99'),
(2, 1, '1', '1.1(2)รายงานผลการติดตาม ตรวจสอบ และประเมินผลงานของมหาวิทยาลัย อธิการบดี และคณบดี  ประจำปีงบประมาณ  พ.ศ. ๒๕๖๓ ', '1.2รายงานผลการติดตาม ตรวจสอบ และประเมินผลงานมหาวิทยาลัย อธิการบดี และคณบดี  ประจำปีงบประมาณ  พ.ศ.  ๒๕๖๓.pdf', ''),
(3, 1, '1', '1.1(3) การอนุมัติปริญญาบัตรผู้สำเร็จการศึกษา ', '', 'http://council.vru.ac.th/admin/spa_class_detail.php?title=%E0%B9%95.%E0%B9%92%C2%A0%20%E0%B8%81%E0%B8%B2%E0%B8%A3%E0%B8%AD%E0%B8%99%E0%B8%B8%E0%B8%A1%E0%B8%B1%E0%B8%95%E0%B8%B4%E0%B8%9B%E0%B8%A3%E0%B8%B4%E0%B8%8D%E0%B8%8D%E0%B8%B2%E0%B8%9A%E0%B8%B1%E0%B8%95%E0%B8%A3%E0%B8%9C%E0%B8%B9%E0%B9%89%E0%B8%AA%E0%B8%B3%E0%B9%80%E0%B8%A3%E0%B9%87%E0%B8%88%E0%B8%81%E0%B8%B2%E0%B8%A3%E0%B8%A8%E0%B8%B6%E0%B8%81%E0%B8%A9%E0%B8%B2&spanum=1/2564'),
(4, 1, '1', '1.1 (4) หลักสูตรปรับปรุงเล็กน้อย (สมอ.08) จำนวน  2  หลักสูตร', '', 'http://council.vru.ac.th/admin/spa_class_detail.php?title=%E0%B9%95.%E0%B9%93%C2%A0%20%E0%B8%AB%E0%B8%A5%E0%B8%B1%E0%B8%81%E0%B8%AA%E0%B8%B9%E0%B8%95%E0%B8%A3%E0%B8%9B%E0%B8%A3%E0%B8%B1%E0%B8%9A%E0%B8%9B%E0%B8%A3%E0%B8%B8%E0%B8%87%E0%B9%80%E0%B8%A5%E0%B9%87%E0%B8%81%E0%B8%99%E0%B9%89%E0%B8%AD%E0%B8%A2%20(%E0%B8%AA%E0%B8%A1%E0%B8%AD.%E0%B9%90%E0%B9%98)%20%E0%B8%88%E0%B8%B3%E0%B8%99%E0%B8%A7%E0%B8%99%20%C2%A0%E0%B9%92%20%C2%A0%E0%B8%AB%E0%B8%A5%E0%B8%B1%E0%B8%81%E0%B8%AA%E0%B8%B9%E0%B8%95%E0%B8%A3&spanum=1/2564'),
(5, 1, '1', '1.2 (1) แจ้งมติสภามหาวิทยาลัย  ครั้งที่  1/2564', '1.2 (1) แจ้งมติสภามหาวิทยาลัย ครั้งที่1-2564 .pdf', ''),
(6, 1, '1', '1.2 (2) รายงานผลการติดตาม ตรวจสอบ และประเมินผลงานของมหาวิทยาลัย อธิการบดี และคณบดี ประจำปีงบประมาณ พ.ศ. 2563', '1.2 (2) สไลด์บรรยายติดตาม63นำเสนอ กบ..pdf', ''),
(7, 1, '1', '1.2 (3) รายงานผลการดำเนินงานการประกันคุณภาพการศึกษาภายใน ระดับหลักสูตร ภาคเรียนที่ 1 ประจำปีการศึกษา 2563', '1.2 (3) ผลการดำเนินงานประกันฯ.pdf', ''),
(8, 1, '1', '1.2 (4) รายงานการตั้งเบิกงบประมาณ ปีงบประมาณ พ.ศ. 2564  ประจำเดือนธันวาคม  2563', '1.2 (4) ตั้งเบิกกบ.เดือนมกราคม2564.pdf', ''),
(9, 1, '1', '1.2 (5) ขอส่งรายชื่อผู้รับปริญญากิตติมศักดิ์ นางเสงี่ยม  แสวงลาภ', '1.2 (5) นางเสงี่ยม-แสวงลาภ-ปริญญากิตติมศักดิ์-สาขาวิชาการจัดการท่องเที่ยว.pdf', ''),
(10, 1, '1', '1.2 (6) การทบทวนวิสัยทัศน์ของมหาวิทยาลัย', '1.2 (6)วิสัยทัศน์มหาวิทยาลัยใหม่.pdf', ''),
(11, 1, '1', '1.2 (7.1) ภาระงานตามวัตถุประสงค์ของมหาวิทยาลัย (OKRs) ระดับคณะ', '1.2 (7.1) OKR-ระดับคณะ-5-โครงการ-new.pdf', ''),
(12, 1, '1', '1.2 (7.2) OKR คณะวิทยาศาสตร์', '1.2 (7.2) OKR คณะวิทยาศาสตร์.pdf', ''),
(29, 1, '2', 'วาระที่ 2.1 รับรองรายงานการประชุม ครั้งที่ 10/2563 วันศุกร์ที่ 18 ธันวาคม 2563', 'รายงานการประชุมคณะกรรมการบริหารคณะวิทยาศาสตร์และเทคโนโลยี 10-2563.pdf', ''),
(14, 1, '4', 'วาระที่ 4.1 การเบิกจ่ายงบประมาณ ประจำปีงบประมาณ 2564', '', ''),
(15, 1, '4', 'วาระที่ 4.2 การจัดอบรม Start Up', '', ''),
(34, 1, '5', 'วาระที่ 5.1ภาระงานตามวัตถุประสงค์ของมหาวิทยาลัย (OKRs)  ', 'วาระที่ 5.1ภาระงานตามวัตถุประสงค์ของมหาวิทยาลัย (OKRs)  .pdf', ''),
(18, 2, '2', 'วาระที่ 2.1 รับรองรายงานการประชุม ครั้งที่ 11/2563 วันศุกร์ที่ 18 ธันวาคม 2563', 'รายงานการประชุม ครั้งที่ 11-2563.pdf', ''),
(33, 2, '5', 'วาระที่ 5.3แบบเสนอขอปรับปรุงหลักสูตร สาขานวัตกรรมดิจิทัล', 'วาระที่ 5.3แบบเสนอขอปรับปรุงหลักสูตร สาขานวัตกรรมดิจิทัล.PDF', ''),
(21, 2, '5', 'วาระที่ 5.1 แบบเสนอขอปรับปรุงหลักสูตร สาขามาตรวิทยาอุตสาหกรรมและระบบคุณภาพ', 'วาระที่ 5.1(1)สมอ.08_เปลี่ยน+อาจารย์ หลักสูตรมาตรวิทยา.pdf', ''),
(32, 2, '5', 'วาระที่ 5.2 แบบเสนอขอปรับปรุงหลักสูตร สาขานวัตกรรมอาหารและเครื่องดื่มเพื่อสุขภาพ', 'วาระที่ 5.2 แบบเสนอขอปรับปรุงหลักสูตร สาขานวัตกรรมอาหารและเครื่องดื่มเพื่อสุขภาพ.pdf', ''),
(27, 1, '4', 'วาระที่ 4.1 รายงานติดตามงบ-64', 'วาระที่ 4.1 รายงานติดตามงบ-64.pdf', ''),
(40, 1, '5', 'วาระที่ 5.3 (2) ประกาศหลักเกณฑ์และวิธีการรับจ่ายเงินของกองทุนฯ', 'วาระที่ 5.3 (2) ประกาศหลักเกณฑ์และวิธีการรับจ่ายเงินของกองทุนฯ.pdf', ''),
(35, 1, '5', 'วาระที่ 5.2 พิจารณาข้าราชการดีเด่น', 'วาระที่ 5.2 พิจารณาข้าราชการดีเด่น.pdf', ''),
(39, 1, '5', 'วาระที่ 5.3(1) แจ้งมติ+คกก.กองทุนฯ+ครั้งที่+1', 'วาระที่ 5.3(1) แจ้งมติ+คกก.กองทุนฯ+ครั้งที่+1.pdf', ''),
(38, 1, '7', 'วาระที่ 5.2 (1)แบบฟอร์มพิจารณาข้าราชการดีเด่น', 'วาระที่ 5.2 (1)แบบฟอร์มพิจารณาข้าราชการดีเด่น.pdf', ''),
(41, 1, '5', 'วาระที่ 5.4 OKRs-คณะ-หลังสรุปประชุมที่บัณฑิต-ฉบับแก้ไข', 'OKRs-คณะ-หลังสรุปประชุมที่บัณฑิต-ฉบับแก้ไข.pdf', ''),
(78, 4, '1', 'วาระที่ 1.4 วิสัยทัศน์ ปี 65 -69 นโยบายสภา.', 'วาระที่ 1.4 วิสัยทัศน์ ปี 65 -69 นโยบายสภา.pdf', ''),
(50, 3, '5', 'วาระที่ 5.1 พิจารณาคัดเลือกข้าราชการพลเรือนดีเด่น ประจำปี 2564', 'วาระที่ 5.1(1) พิจารณาข้าราชการดีเด่น.pdf', ''),
(48, 3, '5', 'วาระที่ 5.2 ค่านิยมองค์กร SCI', 'วาระที่ 5.2 ค่านิยมองค์กร SCI.pdf', ''),
(49, 3, '5', 'วาระที่ 5.3 ประชาสัมพันธ์โครงการสารคดีสั้น ', 'วาระที่ 5.3 ประชาสัมพันธ์โครงการสารคดีสั้น .pdf', ''),
(51, 3, '5', 'วาระที่ 5.1 (2) เอกสารพิจารณา', 'วาระที่ 5.1(2)พิจารณาข้าราชการดีเด่น.pdf', ''),
(77, 4, '1', 'วาระที่ 1.3 การขออนุมัติอาจารย์พิเศษกรณีสอนมากกว่าร้อยละ  50', 'วาระที่ 1.3 การขออนุมัติอาจารย์พิเศษกรณีสอนมากกว่าร้อยละ  50.pdf', ''),
(76, 4, '1', 'วาระที่ 1.2 หลักสูตรปรับปรุงเล็กน้อย (สมอ. 08) จำนวน  11  หลักสูตร ', '', 'http://council.vru.ac.th/admin/spa_class_detail.php?title=%E0%B9%95.%E0%B9%94%C2%A0%20%E0%B8%AB%E0%B8%A5%E0%B8%B1%E0%B8%81%E0%B8%AA%E0%B8%B9%E0%B8%95%E0%B8%A3%E0%B8%9B%E0%B8%A3%E0%B8%B1%E0%B8%9A%E0%B8%9B%E0%B8%A3%E0%B8%B8%E0%B8%87%E0%B9%80%E0%B8%A5%E0%B9%87%E0%B8%81%E0%B8%99%E0%B9%89%E0%B8%AD%E0%B8%A2%20(%E0%B8%AA%E0%B8%A1%E0%B8%AD.%E0%B9%90%E0%B9%98)%20%E0%B8%88%E0%B8%B3%E0%B8%99%E0%B8%A7%E0%B8%99%20%C2%A0%E0%B9%91%E0%B9%91%20%C2%A0%E0%B8%AB%E0%B8%A5%E0%B8%B1%E0%B8%81%E0%B8%AA%E0%B8%B9%E0%B8%95%E0%B8%A3'),
(75, 4, '1', 'วาระที่ 1.1 การเสนอชื่อผู้สมควรได้รับปริญญากิตติมศักดิ์ ', '', 'http://council.vru.ac.th/admin/spa_class_detail.php?title=%E0%B9%95.%E0%B9%92%C2%A0%20%E0%B8%81%E0%B8%B2%E0%B8%A3%E0%B9%80%E0%B8%AA%E0%B8%99%E0%B8%AD%E0%B8%8A%E0%B8%B7%E0%B9%88%E0%B8%AD%E0%B8%9C%E0%B8%B9%E0%B9%89%E0%B8%AA%E0%B8%A1%E0%B8%84%E0%B8%A7%E0%B8%A3%E0%B9%84%E0%B8%94%E0%B9%89%E0%B8%A3%E0%B8%B1%E0%B8%9A%E0%B8%9B%E0%B8%A3%E0%B8%B4%E0%B8%8D%E0%B8%8D%E0%B8%B2%E0%B8%81%E0%B8%B4%E0%B8%95%E0%B8%95%E0%B8%B4%E0%B8%A1%E0%B8%A8%E0%B8%B1%E0%B8%81%E0%B8%94%E0%B8%B4%E0%B9%8C'),
(56, 4, '2', 'วาระที่ 2.1 (1) รับรองรายงานการประชุม ครั้งที่ ๑/๒๕๖๔ วันพุธที่ ๒๐ มกราคม ๒๕๖๔ ', 'รายงานการประชุมกบ.-ครั้งที่-1-2564 .pdf', ''),
(91, 5, '4', 'วาระที่ 4.2 ขออนุญาตเบิกจ่ายค่าตอบแทนการนิเทศการเรียนรู้ภาคปฏิบัติของนักศึกษาในโครงการบัณฑิตพรีเมี่ยม ของคณะวิทยาศาสตร์และเทคโนโลยี', 'วาระที่ 4.2.pdf', ''),
(90, 5, '4', 'วาระที่ 4.1แจ้งผลการพิจารณาคุณวุฒิการศึกษาไม่ต่ำกว่าปริญญาตรี สาขาอาชีวอนามัยหรือเทียบเท่า', 'วาระที่ 4.1.pdf', ''),
(85, 4, '4', 'วาระที่ 4.1 (1)ขั้นตอนและแบบฟอร์มหลักสูตรระยะสั้นของมหาวิทยาลัย', 'วาระที่ 4.1 (1).pdf', ''),
(86, 4, '4', 'วาระที่ 4.1 (2)ขั้นตอนหลักสูตรระยะสั้น ', 'วาระที่ 4.1 (2).pdf', ''),
(87, 4, '4', 'วาระที่ 4.2 ข้อเสนอกลไกนวัตกรรมอุดมศึกษา', 'วาระที่ 4.2.pdf', ''),
(88, 4, '4', 'วาระที่ 4.3 (1)ขอแจ้งวันจัดกิจกรรมกีฬาสานสัมพันธ์เครือข่ายคณะวิทยาศาสตร์และเทคโนโลยี+9+มหาวิทยาลัย', 'วาระที่ 4.3 (1).pdf', ''),
(61, 5, '2', 'วาระที่ 2.1 รายงานการประชุม ครั้งที่1-2564', 'วาระที่ 2.1 รายงานการประชุม ครั้งที่1-2564.pdf', ''),
(95, 6, '5', '5.1(2) แบบเสนอขอปรับปรุงหลักสูตร (สมอ.08) สาขาอาชีวอนามัยและความปลอดภัย', '5.1(2) แบบเสนอขอปรับปรุงหลักสูตร (สมอ.08) สาขาอาชีวอนามัยและความปลอดภัย.pdf', ''),
(92, 4, '4', 'วาระที่ 4.2 ข้อเสนอกลไกนวัตกรรมการอุดมศึกษา', 'วาระที่ 4.2.pdf', ''),
(93, 6, '2', 'วาระที่ 2.1 รับรองรายงานการประชุม ครั้งที่ 2/2564 ', 'รับรองรายงานการประชุมครั้งที่ 2-64.pdf', ''),
(94, 6, '5', '5.1(1) แบบเสนอขอปรับปรุงหลักสูตร (สมอ.08) สาขาอาชีวอนามัยและความปลอดภัย', '5.1(1) แบบเสนอขอปรับปรุงหลักสูตร (สมอ.08) สาขาอาชีวอนามัยและความปลอดภัย.pdf', ''),
(71, 5, '5', 'วาระที่ 5.2 แบบเสนอขอปรับปรุงหลักสูตร สมอ.08 สาขาวิชาโภชนาการและการกำหนดอาหาร', 'วาระที่ 5.2 แบบเสนอขอปรับปรุงหลักสูตร สมอ.08 สาขาวิชาโภชนาการและการกำหนดอาหาร.pdf', ''),
(69, 5, '5', 'วาระที่ 5.1(1)แบบเสนอขอปรับปรุงหลักสูตร สมอ.08 สาขาวิชานวัตกรรมชีวผลิตภัณฑ์', 'วาระที่ 5.1(1)แบบเสนอขอปรับปรุงหลักสูตร สมอ.08 สาขาวิชานวัตกรรมชีวผลิตภัณฑ์.pdf', ''),
(70, 5, '5', 'วาระที่ 5.1(2) รายละเอียดแบบเสนอขอปรับปรุงหลักสูตร สมอ.08 สาขาวิชานวัตกรรมชีวผลิตภัณฑ์', 'วาระที่ 5.1(2) รายละเอียดแบบเสนอขอปรับปรุงหลักสูตร สมอ.08 สาขาวิชานวัตกรรมชีวผลิตภัณฑ์.pdf', ''),
(72, 5, '5', 'วาระที่5.3 ขอส่งเอกสารหลักฐานการเบิกเงินค่าตอบแทนฯ ผศ.ณัฐพงศ์ เมธินธรังสรรค์', 'วาระที่5.3 ขอส่งเอกสารหลักฐานการเบิกเงินค่าตอบแทนฯ ผศ.ณัฐพงศ์ เมธินธรังสรรค์.pdf', ''),
(73, 5, '5', 'วาระที่5.4 ขอส่งเอกสารหลักฐานการเบิกเงินค่าตอบแทนฯ ผศ.ดร.ณัฐสิมา โทขันธ์', 'วาระที่5.4 ขอส่งเอกสารหลักฐานการเบิกเงินค่าตอบแทนฯ ผศ.ดร.ณัฐสิมา โทขันธ์.pdf', ''),
(74, 4, '2', 'ครั้งที่ ๒/๒๕๖๔ วันพุธที่ ๒๗ มกราคม ๒๕๖๔', 'รายงานการประชุมคณะกรรมการาบริหารคณะ ครั้งที่-2-2564.pdf', ''),
(89, 4, '4', 'วาระที่ 4.3 (2)ขอแจ้งวันจัดกิจกรรม', 'วาระที่ 4.3 (2).pdf', ''),
(96, 6, '5', '5.2 (1) ขอส่งหลักฐานการเบิกเงินค่าตอบแทนนอกเหนือจากค่าจ้างฯ ผศ.ดร.ขนิษฐา ภมรพล', '5.2 (1) ขอส่งหลักฐานการเบิกเงินค่าตอบแทนนอกเหนือจากค่าจ้างฯ ผศ.ดร.ขนิษฐา ภมรพล.pdf', ''),
(97, 6, '5', '5.2 (2) ขอส่งหลักฐานการเบิกเงินค่าตอบแทนนอกเหนือจากค่าจ้างฯ ผศ.ดร.ขนิษฐา ภมรพล', '5.2 (2) ขอส่งหลักฐานการเบิกเงินค่าตอบแทนนอกเหนือจากค่าจ้างฯ ผศ.ดร.ขนิษฐา ภมรพล.pdf', ''),
(98, 6, '5', '5.3 ขอส่งหลักฐานการเบิกเงินค่าตอบแทนนอกเหนือจากค่าจ้างฯ ผศ.กนกวรรณ ปุณณะตระกูล', '5.3 ขอส่งหลักฐานการเบิกเงินค่าตอบแทนนอกเหนือจากค่าจ้างฯ ผศ.กนกวรรณ ปุณณะตระกูล.pdf', ''),
(119, 9, '4', '', '', ''),
(120, 9, '5', '5.1 (ร่าง) หลักสูตรวิทยาศาสตรบัณฑิต สาขาวิชาเทคโนโลยีสารสนเทศ', '5.1 (ร่าง) หลักสูตรวิทยาศาสตรบัณฑิต สาขาวิชาเทคโนโลยีสารสนเทศ.pdf', ''),
(100, 6, '5', '5.4 การพิจารณาอาจารย์พิเศษ สาขาวิชามาตรวิทยาอุตสาหกรรม', '5.5 การพิจารณาอาจารย์พิเศษ สาขาวิชามาตรวิทยาอุตสาหกรรม.pdf', ''),
(102, 7, '1', '1.1รายงานจำนวนผู้เข้าศึกษาระดับปริญญาตรี  เต็มเวลา จันทร์ – ศุกร์ ปีการศึกษา 2564', '', 'http://mms.vru.ac.th/kcfinder/upload/files/3_2564/4.4%20%E0%B8%A3%E0%B8%B2%E0%B8%A2%E0%B8%87%E0%B8%B2%E0%B8%99%E0%B8%81%E0%B8%B2%E0%B8%A3%E0%B8%A3%E0%B8%B1%E0%B8%9A%E0%B8%99%E0%B8%B1%E0%B8%81%E0%B8%A8%E0%B8%B6%E0%B8%81%E0%B8%A9%E0%B8%B2%20%E0%B8%A3%E0%B8%AD%E0%B8%9A%20Portfolio.pdf'),
(103, 7, '1', '1.2รายงานผลการเบิกจ่ายเงินงบประมาณแผ่นดิน เดือนกุมภาพันธ์  2564', '', 'http://mms.vru.ac.th/kcfinder/upload/files/3_2564/4.7%20%E0%B8%A3%E0%B8%B2%E0%B8%A2%E0%B8%87%E0%B8%B2%E0%B8%99%E0%B8%9C%E0%B8%A5%E0%B8%81%E0%B8%B2%E0%B8%A3%E0%B9%80%E0%B8%9A%E0%B8%B4%E0%B8%81%E0%B8%88%E0%B9%88%E0%B8%B2%E0%B8%A2%E0%B8%87%E0%B8%9A%E0%B9%81%E0%B8%9C%E0%B9%88%E0%B8%99%E0%B8%94%E0%B8%B4%E0%B8%99%20%E0%B8%A1%E0%B8%B5.%E0%B8%84.64.pdf'),
(104, 7, '1', '1.3 รายงานผลการสำรวจความพึงพอใจการให้บริการของหน่วยงานภายในมหาวิทยาลัย ปี พ.ศ. ๒๕๖๓', '', 'http://mms.vru.ac.th/kcfinder/upload/files/3_2564/4.9-1%20%E0%B8%9C%E0%B8%A5%E0%B8%81%E0%B8%B2%E0%B8%A3%E0%B8%AA%E0%B8%B3%E0%B8%A3%E0%B8%A7%E0%B8%88%E0%B8%84%E0%B8%A7%E0%B8%B2%E0%B8%A1%E0%B8%9E%E0%B8%B6%E0%B8%87%E0%B8%9E%E0%B8%AD%E0%B9%83%E0%B8%88%E0%B8%81%E0%B8%B2%E0%B8%A3%E0%B9%83%E0%B8%AB%E0%B9%89%E0%B8%9A%E0%B8%A3%E0%B8%B4%E0%B8%81%E0%B8%B2%E0%B8%A3%E0%B8%82%E0%B8%AD%E0%B8%87%E0%B8%AB%E0%B8%99%E0%B9%88%E0%B8%A7%E0%B8%A2%E0%B8%87%E0%B8%B2%E0%B8%99%2063.pdf'),
(105, 7, '1', '1.4(ร่าง) ประมวลจริยธรรมของนายกสภามหาวิทยาลัย  กรรมการสภามหาวิทยาลัย  ผู้บริหาร  บุคลากร  และผู้เรียนของมหาวิทยาลัยราชภัฏวไลยอลงกรณ์ ในพระบรมราชูปถัมภ์ จังหวัดปทุมธานี  พ.ศ....', '', 'http://council.vru.ac.th/kcfinder/newupload/files/3.2564/vara%2054/0%20%E0%B8%A3%E0%B8%B2%E0%B8%A2%E0%B8%A5%E0%B8%B0%E0%B9%80%E0%B8%AD%E0%B8%B5%E0%B8%A2%E0%B8%94%205.4.pdf'),
(106, 7, '4', '4.1 การติดตามงบประมาณ ประจำปีงบประมาณ ๒๕๖๔ ', 'รายงานติดตามงบประมาณ ประจำปีงบประมาณ2564.pdf', ''),
(107, 7, '4', '4.2 รายงาน VRU Project Monitoring', '4.2 รายงาน VRU Project Monitoring.pdf', ''),
(111, 7, '2', '2.1รับรองรายงานการประชุม ครั้งที่ ๓/๒๕๖๔ วันพฤหัสบดีที่ ๑๘ กุมภาพันธ์ ๒๕๖๔', 'รายงานการประชุมกบ.-ครั้งที่-3-2564.pdf', ''),
(118, 9, '3', '', '', ''),
(121, 9, '5', '5.2 (ร่าง) หลักสูตรวิทยาศาสตรบัณฑิต สาขาวิชาวิทยาการคอมพิวเตอร์', '5.2 (ร่าง) หลักสูตรวิทยาศาสตรบัณฑิต สาขาวิชาวิทยาการคอมพิวเตอร์.pdf', ''),
(115, 7, '4', '4.3 วิธีการคิดภาระงานตามวัตถุประสงค์ของมหาวิทยาลัยและคณะ (OKRs)', '4.3(OKRs).pdf', ''),
(116, 9, '1', '', '', ''),
(117, 9, '2', 'รับรองรายงานการประชุม ครั้งที่ 3/2564 ', 'รายงานการประชุมคณะกรรมการวิชาการคณะ ครั้งที่3-2564.pdf', ''),
(122, 9, '6', '', '', ''),
(123, 10, '1', '1.1 (ร่าง)  หลักสูตรระยะสั้น  จำนวน  4  หลักสูตร ', '', 'http://council.vru.ac.th/admin/spa_class_detail.php?title=%E0%B9%95.%E0%B9%99%C2%A0%20(%E0%B8%A3%E0%B9%88%E0%B8%B2%E0%B8%87)%20%E0%B8%AB%E0%B8%A5%E0%B8%B1%E0%B8%81%E0%B8%AA%E0%B8%B9%E0%B8%95%E0%B8%A3%E0%B8%A3%E0%B8%B0%E0%B8%A2%E0%B8%B0%E0%B8%AA%E0%B8%B1%E0%B9%89%E0%B8%99%20%C2%A0%E0%B8%88%E0%B8%B3%E0%B8%99%E0%B8%A7%E0%B8%99%C2%A0%20%E0%B9%94%C2%A0%20%E0%B8%AB%E0%B8%A5%E0%B8%B1%E0%B8%81%E0%B8%AA%E0%B8%B9%E0%B8%95%E0%B8%A3'),
(124, 10, '1', '1.2(ร่าง) ข้อบังคับสภามหาวิทยาลัยราชภัฏวไลยอลงกรณ์ ในพระบรมราชูปถัมภ์ จังหวัดปทุมธานี ว่าด้วย พนักงานมหาวิทยาลัย (ฉบับที่ 3) พ.ศ. 2568', '', 'http://council.vru.ac.th/admin/spa_class_detail.php?title=%E0%B9%95.%E0%B9%91%E0%B9%94%C2%A0%20(%E0%B8%A3%E0%B9%88%E0%B8%B2%E0%B8%87)%20%E0%B8%82%E0%B9%89%E0%B8%AD%E0%B8%9A%E0%B8%B1%E0%B8%87%E0%B8%84%E0%B8%B1%E0%B8%9A%E0%B8%A1%E0%B8%AB%E0%B8%B2%E0%B8%A7%E0%B8%B4%E0%B8%97%E0%B8%A2%E0%B8%B2%E0%B8%A5%E0%B8%B1%E0%B8%A2%E0%B8%A3%E0%B8%B2%E0%B8%8A%E0%B8%A0%E0%B8%B1%E0%B8%8F%E0%B8%A7%E0%B9%84%E0%B8%A5%E0%B8%A2%E0%B8%AD%E0%B8%A5%E0%B8%87%E0%B8%81%E0%B8%A3%E0%B8%93%E0%B9%8C%20%E0%B9%83%E0%B8%99%E0%B8%9E%E0%B8%A3%E0%B8%B0%E0%B8%9A%E0%B8%A3%E0%B8%A1%E0%B8%A3%E0%B8%B2%E0%B8%8A%E0%B8%B9%E0%B8%9B%E0%B8%96%E0%B8%B1%E0%B8%A1%E0%B8%A0%E0%B9%8C%20%E0%B8%88%E0%B8%B1%E0%B8%87%E0%B8%AB%E0%B8%A7%E0%B8%B1%E0%B8%94%E0%B8%9B%E0%B8%97%E0%B8%B8%E0%B8%A1%E0%B8%98%E0%B8%B2%E0%B8%99%E0%B8%B5%C2%A0%E0%B8%A7%E0%B9%88%E0%B8%B2%E0%B8%94%E0%B9%89%E0%B8%A7%E0%B8%A2%20%E0%B8%9E%E0%B8%99%E0%B8%B1%E0%B8%81%E0%B8%87%E0%B8%B2%E0%B8%99%E0%B8%A1%E0%B8%AB%E0%B8%B2%E0%B8%A7%E0%B8%B4%E0%B8%97%E0%B8%A2%E0%B8%B2%E0%B8%A5%E0%B8%B1%E0%B8%A2%20(%E0%B8%89%E0%B8%9A%E0%B8%B1%E0%B8%9A%E0%B8%97%E0%B8%B5%E0%B9%88%20%E0%B9%93)%20%E0%B8%9E.%E0%B8%A8.%20%E0%B9%92%E0%B9%95%E0%B9%96%E0%B9%94'),
(140, 11, '4', '', '', '#'),
(141, 11, '5', '๕.๑ ตัวอย่าง (ร่าง) คำรับรองการปฏิบัติราชการ', '561887430.pdf', ''),
(142, 12, '1', '', '', ''),
(143, 12, '2', 'วาระที่ 2.1 รับรองรายงานการประชุมครั้งที่ 4/2564 วันที่ 3 พฤษภาคม 2564', '1232188983.pdf', ''),
(139, 11, '3', '', '', '#'),
(127, 10, '4', '4.1การติดตามงบประมาณ ประจำปีงบประมาณ ๒๕๖๔ ', '4.1 การติดตามงบประมาณ ประจำปีงบประมาณ 2564 (ครั้งที่2).pdf', ''),
(128, 10, '4', '4.2 รายงาน VRU Project Monitoring', '4.2 รายงาน VRU Project Monitoring (ครั้งที่2).pdf', ''),
(129, 10, '4', '4.3 ข้อมูลจำแนกรายวิชาที่เกี่ยวข้องกับเป้าหมายการพัฒนาที่ยั่งยืน (Sustainable Development Goals : SDGs  ', '4.3(1) SDGs.pdf', ''),
(130, 10, '4', '4.3 4.3(2)QR+Code+แบบสำรวจ+(SDGs)', '4.3(2)QR+Code+แบบสำรวจ+(SDGs).pdf', ''),
(136, 10, '2', '2.1 รับรองรายงานการประชุม ครั้งที่ 4/2564 วันพฤหัสบดีที่ 1 เมษายน 2564', 'รายงานการประชุมกบ-ครั้งที่-4-2564.pdf', ''),
(137, 11, '1', '', '', '#'),
(138, 11, '2', ' ๒.๑ รับรองรายงานการประชุมเครือข่ายคณบดีสัญจร ครั้งที่ ๓/๒๕๖๔  ', '1941587897.pdf', ''),
(132, 10, '1', '1.3 การขอกำหนดตำแหน่งพนักงานมหาวิทยาลัย สายสนับสนุน ประเภทวิชาชีพเฉพาะ หรือเชี่ยวชาญเฉพาะ ระดับชำนาญการ  และประเภททั่วไป ระดับชำนาญงาน', '', '#'),
(133, 10, '1', '1.4  การแต่งตั้งพนักงานมหาวิทยาลัย สายสนับสนุนให้ดำรงตำแหน่งสูงขึ้น', '', '#'),
(134, 10, '1', '1.5 แจ้งยกเลิกการประเมินคุณภาพหลักสูตรเพื่อเผยแพร่เป็นหลักสูตรที่มีคุณภาพและมาตรฐานตามกรอบมาตรฐานคุณวุฒิระดับอุดมศึกษาแห่งชาติ (TQR : Thai Qualifications Register) ', '', 'http://mms.vru.ac.th/spa_class_detail.php?title=%E0%B9%81%E0%B8%88%E0%B9%89%E0%B8%87%E0%B8%A2%E0%B8%81%E0%B9%80%E0%B8%A5%E0%B8%B4%E0%B8%81%E0%B8%81%E0%B8%B2%E0%B8%A3%E0%B8%9B%E0%B8%A3%E0%B8%B0%E0%B9%80%E0%B8%A1%E0%B8%B4%E0%B8%99%E0%B8%84%E0%B8%B8%E0%B8%93%E0%B8%A0%E0%B8%B2%E0%B8%9E%E0%B8%AB%E0%B8%A5%E0%B8%B1%E0%B8%81%E0%B8%AA%E0%B8%B9%E0%B8%95%E0%B8%A3%E0%B9%80%E0%B8%9E%E0%B8%B7%E0%B9%88%E0%B8%AD%E0%B9%80%E0%B8%9C%E0%B8%A2%E0%B9%81%E0%B8%9E%E0%B8%A3%E0%B9%88%E0%B9%80%E0%B8%9B%E0%B9%87%E0%B8%99%E0%B8%AB%E0%B8%A5%E0%B8%B1%E0%B8%81%E0%B8%AA%E0%B8%B9%E0%B8%95%E0%B8%A3%E0%B8%97%E0%B8%B5%E0%B9%88%E0%B8%A1%E0%B8%B5%E0%B8%84%E0%B8%B8%E0%B8%93%E0%B8%A0%E0%B8%B2%E0%B8%9E%E0%B9%81%E0%B8%A5%E0%B8%B0%E0%B8%A1%E0%B8%B2%E0%B8%95%E0%B8%A3%E0%B8%90%E0%B8%B2%E0%B8%99%E0%B8%95%E0%B8%B2%E0%B8%A1%E0%B8%81%E0%B8%A3%E0%B8%AD%E0%B8%9A%E0%B8%A1%E0%B8%B2%E0%B8%95%E0%B8%A3%E0%B8%90%E0%B8%B2%E0%B8%99%E0%B8%84%E0%B8%B8%E0%B8%93%E0%B8%A7%E0%B8%B8%E0%B8%92%E0%B8%B4%E0%B8%A3%E0%B8%B0%E0%B8%94%E0%B8%B1%E0%B8%9A%E0%B8%AD%E0%B8%B8%E0%B8%94%E0%B8%A1%E0%B8%A8%E0%B8%B6%E0%B8%81%E0%B8%A9%E0%B8%B2%E0%B9%81%E0%B8%AB%E0%B9%88%E0%B8%87%E0%B8%8A%E0%B8%B2%E0%B8%95%E0%B8%B4%20(TQR%20:%20Thai%20Qualifications%20Register)'),
(135, 10, '1', '1.6 (ร่าง) แผนกลยุทธ์มหาวิทยาลัยราชภัฏวไลยอลงกรณ์ ในพระบรมราชูปถัมภ์', '', 'http://mms.vru.ac.th/spa_class_detail.php?title=(%E0%B8%A3%E0%B9%88%E0%B8%B2%E0%B8%87)%20%E0%B9%81%E0%B8%9C%E0%B8%99%E0%B8%81%E0%B8%A5%E0%B8%A2%E0%B8%B8%E0%B8%97%E0%B8%98%E0%B9%8C%E0%B8%A1%E0%B8%AB%E0%B8%B2%E0%B8%A7%E0%B8%B4%E0%B8%97%E0%B8%A2%E0%B8%B2%E0%B8%A5%E0%B8%B1%E0%B8%A2%E0%B8%A3%E0%B8%B2%E0%B8%8A%E0%B8%A0%E0%B8%B1%E0%B8%8F%E0%B8%A7%E0%B9%84%E0%B8%A5%E0%B8%A2%E0%B8%AD%E0%B8%A5%E0%B8%87%E0%B8%81%E0%B8%A3%E0%B8%93%E0%B9%8C%20%E0%B9%83%E0%B8%99%E0%B8%9E%E0%B8%A3%E0%B8%B0%E0%B8%9A%E0%B8%A3%E0%B8%A1%E0%B8%A3%E0%B8%B2%E0%B8%8A%E0%B8%B9%E0%B8%9B%E0%B8%96%E0%B8%B1%E0%B8%A1%E0%B8%A0%E0%B9%8C%20%E0%B8%9E.%E0%B8%A8.%20%E0%B9%92%E0%B9%95%E0%B9%96%E0%B9%95%20-%20%E0%B9%92%E0%B9%95%E0%B9%96%E0%B9%99'),
(144, 12, '3', '', '', ''),
(145, 12, '4', '', '', ''),
(146, 12, '5', '5.1 คหกรรม ขอเสนอโครงการหลักสูตรหลักสูตรระยะสั้น+(3+หลักสูตร)', '2081348902.pdf', ''),
(147, 12, '5', '5.1.1 คหกรรม แบบเสนอหลักสูตรทดสอบมาตรฐานฝีมือแรงงาน', '200324791.pdf', ''),
(148, 12, '5', '5.1.2 คหกรรม แบบเสนอหลักสูตรการประกอบอาหารไทยเบื้องต้น', '145036426.pdf', ''),
(149, 12, '5', '5.1.3 คหกรรม_แบบเสนอหลักสูตรอบรมการจัดตกแต่งจานอาหารแนว+Food+Stylistฯ', '1774772047.pdf', ''),
(150, 12, '5', '5.1.4 ขอเสนอโครงการหลักสารระยะสั้นโภชนาการและการกำหนดอาหาร', '1100655916.pdf', ''),
(151, 12, '5', '5.1.5 แบบเสนอขอพัฒนาปรับปรุงหลักสูตรระยะสั้นหลักสูตรจานโปรดคุณกำหนดได้', '582826605.pdf', ''),
(152, 12, '5', '5.2 การพิจารณารายชื่อนักศึกษาขาดสอบและขออนุญาตสอบ', '', ''),
(153, 12, '5', '5.3 การเทียบโอนรายวิชาของสาขาวิชาวิทยาศาสตร์และเทคโนโลยีสิ่งแวดล้อม', '2091307878.pdf', ''),
(154, 12, '5', '5.4 การพิจารณาหลักฐานการเบิกค่าตอบแทนนอกเหนือจากค่าจ้างฯ ผศ.ไพรินทร์ มีศรี', '1144445515.pdf', ''),
(155, 12, '5', '5.5 การพิจารณาหลักฐานการเบิกค่าตอบแทนนอกเหนือจากค่าจ้างฯ ผศ.อมีนา ฉายสุวรรณ', '1555778175.pdf', ''),
(156, 12, '5', '5.6 การพิจารณาหลักฐานการเบิกค่าตอบแทนนอกเหนือจากค่าจ้างฯ ผศ.เบญจางค์ อัจฉริยะโพธา', '691730598.pdf', ''),
(157, 12, '5', '5.7 การพิจารณาหลักฐานการเบิกค่าตอบแทนนอกเหนือจากค่าจ้างฯ ผศ.ดร.ดรุณี หันวิสัย', '540972878.pdf', ''),
(158, 12, '5', '5.7.1 การพิจารณาหลักฐานการเบิกค่าตอบแทนนอกเหนือจากค่าจ้างฯ ผศ.ดร.ดรุณี หันวิสัย', '989456387.pdf', ''),
(159, 12, '5', '5.7.2 การพิจารณาหลักฐานการเบิกค่าตอบแทนนอกเหนือจากค่าจ้างฯ ผศ.ดร.ดรุณี หันวิสัย', '66525864.pdf', ''),
(160, 12, '5', '5.8.1 การพิจารณาหลักฐานการเบิกค่าตอบแทนนอกเหนือจากค่าจ้างฯ ผศ.วัฒนา อัจฉริยะโพธา', '1548043749.pdf', ''),
(161, 12, '5', '5.8.2 การพิจารณาหลักฐานการเบิกค่าตอบแทนนอกเหนือจากค่าจ้างฯ ผศ.วัฒนา อัจฉริยะโพธา', '815042654.pdf', ''),
(162, 12, '5', '5.9 การพิจารณาหลักฐานการเบิกค่าตอบแทนนอกเหนือจากค่าจ้างฯ ผศ.ดร.เยาวภา แสงพยับ', '1932380484.pdf', ''),
(163, 12, '5', '5.9.1 การพิจารณาหลักฐานการเบิกค่าตอบแทนนอกเหนือจากค่าจ้างฯ ผศ.ดร.เยาวภา แสงพยับ', '1130144808.pdf', ''),
(164, 12, '5', '5.9.2 การพิจารณาหลักฐานการเบิกค่าตอบแทนนอกเหนือจากค่าจ้างฯ ผศ.ดร.เยาวภา แสงพยับ', '1291738424.pdf', ''),
(165, 12, '5', '5.9.3 การพิจารณาหลักฐานการเบิกค่าตอบแทนนอกเหนือจากค่าจ้างฯ ผศ.ดร.เยาวภา แสงพยับ', '755858290.pdf', ''),
(166, 12, '5', '5.9.4 การพิจารณาหลักฐานการเบิกค่าตอบแทนนอกเหนือจากค่าจ้างฯ ผศ.ดร.เยาวภา แสงพยับ', '861707086.pdf', ''),
(167, 12, '5', '5.10 เสนออาจารย์พิเศษหลักสูตรมาตรวิทยาอุตสาหกรรมฯ', '58362947.pdf', ''),
(168, 12, '5', '5.10.1เสนออาจารย์พิเศษหลักสูตรมาตรวิทยาอุตสาหกรรมฯ', '2040437113.pdf', ''),
(169, 12, '5', '5.11 บันทึกความร่วมมือ MOU-india', '1623671664.pdf', ''),
(170, 13, '1', '1.1 รายงานจำนวนผู้เข้าศึกษาระดับปริญญาตรี เต็มเวลา จันทร์ – ศุกร์ ปีการศึกษา 2564', '', 'http://mms.vru.ac.th/kcfinder/upload_new/files/6_2564/4.6%20%E0%B8%AA%E0%B8%96%E0%B8%B4%E0%B8%95%E0%B8%B4%E0%B8%99%E0%B8%B1%E0%B8%81%E0%B8%A8%E0%B8%B6%E0%B8%81%E0%B8%A9%E0%B8%B2%202564.pdf'),
(171, 13, '1', '1.2 แจ้งกำหนดการตรวจประเมินคุณภาพการศึกษาภายในด้วยเกณฑ์ EdPEx ระดับมหาวิทยาลัย ประจำปีการศึกษา 2563', '', 'http://mms.vru.ac.th/spa_class_detail.php?title=%E0%B8%82%E0%B8%AD%E0%B9%81%E0%B8%88%E0%B9%89%E0%B8%87%E0%B8%81%E0%B8%B3%E0%B8%AB%E0%B8%99%E0%B8%94%E0%B8%81%E0%B8%B2%E0%B8%A3%E0%B8%95%E0%B8%A3%E0%B8%A7%E0%B8%88%E0%B8%9B%E0%B8%A3%E0%B8%B0%E0%B9%80%E0%B8%A1%E0%B8%B4%E0%B8%99%E0%B8%84%E0%B8%B8%E0%B8%93%E0%B8%A0%E0%B8%B2%E0%B8%9E%E0%B8%81%E0%B8%B2%E0%B8%A3%E0%B8%A8%E0%B8%B6%E0%B8%81%E0%B8%A9%E0%B8%B2%E0%B8%A0%E0%B8%B2%E0%B8%A2%E0%B9%83%E0%B8%99%E0%B8%94%E0%B9%89%E0%B8%A7%E0%B8%A2%E0%B9%80%E0%B8%81%E0%B8%93%E0%B8%91%E0%B9%8C%20EdPEx%C2%A0%E0%B8%A3%E0%B8%B0%E0%B8%94%E0%B8%B1%E0%B8%9A%E0%B8%A1%E0%B8%AB%E0%B8%B2%E0%B8%A7%E0%B8%B4%E0%B8%97%E0%B8%A2%E0%B8%B2%E0%B8%A5%E0%B8%B1%E0%B8%A2%20%E0%B8%9B%E0%B8%A3%E0%B8%B0%E0%B8%88%E0%B8%B3%E0%B8%9B%E0%B8%B5%E0%B8%81%E0%B8%B2%E0%B8%A3%E0%B8%A8%E0%B8%B6%E0%B8%81%E0%B8%A9%E0%B8%B2%20%E0%B9%92%E0%B9%95%E0%B9%96%E0%B9%93'),
(172, 13, 'โปรดเลือกหัวข้อ', '1.3  (ร่าง) หลักสูตรปฏิบัติการสนุกของเด็กช่างคิด หลักสูตรระยะสั้น หลักสูตรใหม่ พ.ศ. 2564', '', 'http://mms.vru.ac.th/kcfinder/upload_new/files/6_2564/5.2%20%E0%B9%80%E0%B8%AA%E0%B8%99%E0%B8%AD%E0%B8%AB%E0%B8%A5%E0%B8%B1%E0%B8%81%E0%B8%AA%E0%B8%B9%E0%B8%95%E0%B8%A3%E0%B9%81%E0%B8%A5%E0%B8%9B%E0%B8%AA%E0%B8%99%E0%B8%B8%E0%B8%81%20(1).pdf'),
(184, 13, '1', '1.3 (ร่าง) หลักสูตรปฏิบัติการสนุกของเด็กช่างคิด หลักสูตรระยะสั้น หลักสูตรใหม่ พ.ศ. 2564', '', 'http://mms.vru.ac.th/kcfinder/upload_new/files/6_2564/5.2%20%E0%B9%80%E0%B8%AA%E0%B8%99%E0%B8%AD%E0%B8%AB%E0%B8%A5%E0%B8%B1%E0%B8%81%E0%B8%AA%E0%B8%B9%E0%B8%95%E0%B8%A3%E0%B9%81%E0%B8%A5%E0%B8%9B%E0%B8%AA%E0%B8%99%E0%B8%B8%E0%B8%81%20(1).pdf'),
(173, 13, 'โปรดเลือกหัวข้อ', '1.4  หลักสูตรปรับปรุงเล็กน้อย (สมอ. 08) จำนวน  4 หลักสูตร', '', 'http://council.vru.ac.th/admin/spa_class_detail.php?title=%E0%B9%95.%E0%B9%95%20%C2%A0%E0%B8%AB%E0%B8%A5%E0%B8%B1%E0%B8%81%E0%B8%AA%E0%B8%B9%E0%B8%95%E0%B8%A3%E0%B8%9B%E0%B8%A3%E0%B8%B1%E0%B8%9A%E0%B8%9B%E0%B8%A3%E0%B8%B8%E0%B8%87%E0%B9%80%E0%B8%A5%E0%B9%87%E0%B8%81%E0%B8%99%E0%B9%89%E0%B8%AD%E0%B8%A2%20(%E0%B8%AA%E0%B8%A1%E0%B8%AD.%E0%B9%90%E0%B9%98)%20%E0%B8%88%E0%B8%B3%E0%B8%99%E0%B8%A7%E0%B8%99%20%C2%A0%E0%B9%94%C2%A0%20%E0%B8%AB%E0%B8%A5%E0%B8%B1%E0%B8%81%E0%B8%AA%E0%B8%B9%E0%B8%95%E0%B8%A3&spanum=6/2564'),
(174, 13, '2', '2.1 รับรองรายงานการประชุมกบ.-ครั้งที่-5-2564', '602837811.pdf', ''),
(175, 13, '4', '4.1 การติดตามงบประมาณ ประจำปีงบประมาณ 2564', '307719024.pdf', ''),
(176, 13, '4', '4.2 รายงาน VRU Project Monitoring', '443342995.pdf', ''),
(177, 13, '4', '4.3 สรุปผลการรับตัวชี้วัดหลักสูตรประจำปี 2565', '2114162420.pdf', ''),
(178, 13, '4', '4.4 การจัดทำแผนด้านวิจัยของหลักสูตร ', '', '-'),
(179, 13, '4', '4.5 ค่านิยมหลัก Core value คณะวิทยาศาสตร์และเทคโนโลยี', '', 'http://sci.vru.ac.th/tree.php'),
(180, 13, '4', '4.6 รายงานการประชุมคณะกรรมการขับเคลื่อนการผลิตบัณฑิต และการจัดการการศึกษาร่วมกับ ภาคอุตสาหกรรม ครั้งที่ ๑/๒๕๖๔', '1397941631.pdf', ''),
(181, 13, '5', '5.1 รายงานคะแนนตรวจประเมินประกันคุณภาพการศึกษาระดับหลักสูตร ประจำปีการศึกษา 2563', '963960031.pdf', ''),
(182, 12, '5', '5.12การพิจารณาหลักฐานการเบิกค่าตอบแทนนอกเหนือจากค่าจ้างฯ ผศ.ดวงเดือน วัฏฏานุรักษ์', '1458734717.pdf', ''),
(183, 12, '4', '4.1 แจ้งเปลี่ยนแปลงประธานหลักสูตร หลักสูตรเทคโนโลยีสารสนเทศ', '1385789361.pdf', ''),
(185, 13, '1', '1.4  หลักสูตรปรับปรุงเล็กน้อย (สมอ. 08) จำนวน  4 หลักสูตร', '', 'http://council.vru.ac.th/admin/spa_class_detail.php?title=%E0%B9%95.%E0%B9%95%20%C2%A0%E0%B8%AB%E0%B8%A5%E0%B8%B1%E0%B8%81%E0%B8%AA%E0%B8%B9%E0%B8%95%E0%B8%A3%E0%B8%9B%E0%B8%A3%E0%B8%B1%E0%B8%9A%E0%B8%9B%E0%B8%A3%E0%B8%B8%E0%B8%87%E0%B9%80%E0%B8%A5%E0%B9%87%E0%B8%81%E0%B8%99%E0%B9%89%E0%B8%AD%E0%B8%A2%20(%E0%B8%AA%E0%B8%A1%E0%B8%AD.%E0%B9%90%E0%B9%98)%20%E0%B8%88%E0%B8%B3%E0%B8%99%E0%B8%A7%E0%B8%99%20%C2%A0%E0%B9%94%C2%A0%20%E0%B8%AB%E0%B8%A5%E0%B8%B1%E0%B8%81%E0%B8%AA%E0%B8%B9%E0%B8%95%E0%B8%A3&spanum=6/2564'),
(186, 13, '5', '5.2 (ร่าง)ประกาศ-OKR-ปีงบประมาณ2565 คณะวิทยาศาสตร์และเทคโนโลยี', '1418234127.pdf', ''),
(187, 12, '5', '5.12 รายละเอียดการแก้ไขหลักสูตร (สมอ.08) หลักสูตรนวัตกรรมอาหารฯ', '2089102297.pdf', ''),
(188, 13, '4', ' 4.7 คู่มือการประเมินกำหนดกลุ่มสถาบันอุดมศึกษา (ฉบับปรับปรุง)', '1651396518.pdf', ''),
(189, 12, '5', '5.13 การพิจารณาหลักฐานการเบิกค่าตอบแทนนอกเหนือจากค่าจ้างฯ ผศ.จุฑารัตน์ โพธิ์หลวง', '1708047942.pdf', ''),
(191, 12, '5', '5.13.1 หลักฐานบทความวิจัย ผศ.จุฑารัตน์', '1067010660.pdf', ''),
(195, 14, '1', '1.2 (ร่าง) หลักสูตรทักษะเอาตัวรอดได้เมื่อเกิดเหตุฉุกเฉินสำหรับนักเรียน หลักสูตระยะสั้น หลักสูตรใหม่ พ.ศ. ๒๕๖๔', '', 'http://mms.vru.ac.th/kcfinder/upload_new/files/7_2564/5.1.pdf'),
(194, 14, '1', '1.1 การเบิกจ่ายค่ารักษาพยาบาล สิทธิข้าราชการ ของวไลยอลงกรณ์คลินิกเวชกรรม และคลินิกการแพทย์แผนไทยประยุกต์', '', 'http://mms.vru.ac.th/kcfinder/upload_new/files/7_2564/4.3.pdf'),
(196, 14, '1', '1.3 (ร่าง) หลักสูตร Risk Assessment หัวใจสำคัญของการประเมินตนเองทุกประเภท หลักสูตรระยะสั้น หลักสูตรใหม่ พ.ศ. ๒๕๖๔', '', 'http://mms.vru.ac.th/kcfinder/upload_new/files/7_2564/5.2%20Risk-assessement.pdf'),
(197, 14, '1', '1.4 มาตรฐานภาระงานตามวัตถุประสงค์ของคณะ (OKRs)', '', 'http://mms.vru.ac.th/kcfinder/upload_new/files/7_2564/5.3%20OKRs.pdf'),
(198, 14, '1', '1.5 หลักสูตรปรับปรุงเล็กน้อย (สมอ. ๐๘) ', '', 'http://council.vru.ac.th/admin/spa_class_detail.php?title=%E0%B9%95.%E0%B9%92%20%C2%A0%E0%B8%AB%E0%B8%A5%E0%B8%B1%E0%B8%81%E0%B8%AA%E0%B8%B9%E0%B8%95%E0%B8%A3%E0%B8%9B%E0%B8%A3%E0%B8%B1%E0%B8%9A%E0%B8%9B%E0%B8%A3%E0%B8%B8%E0%B8%87%E0%B9%80%E0%B8%A5%E0%B9%87%E0%B8%81%E0%B8%99%E0%B9%89%E0%B8%AD%E0%B8%A2%20(%E0%B8%AA%E0%B8%A1%E0%B8%AD.%E0%B9%90%E0%B9%98)%20%E0%B8%88%E0%B8%B3%E0%B8%99%E0%B8%A7%E0%B8%99%20%C2%A0%E0%B9%96%E0%B9%93%C2%A0%20%E0%B8%AB%E0%B8%A5%E0%B8%B1%E0%B8%81%E0%B8%AA%E0%B8%B9%E0%B8%95%E0%B8%A3&spanum=7/2564'),
(199, 14, '1', '1.5.1 หลักสูตรวิทยาศาสตรบัณฑิต  สาขาวิชาวิทยาการคอมพิวเตอร์  หลักสูตรปรับปรุง  พ.ศ. ๒๕๖๐', '', 'http://council.vru.ac.th/kcfinder/newupload/files/7.2564/vara%2052/5.2.22%20319-333%20%E0%B8%AA%E0%B8%A1%E0%B8%AD.08%20%E0%B8%A7%E0%B8%97.%E0%B8%9A.%E0%B8%A7%E0%B8%B4%E0%B8%97%E0%B8%A2%E0%B8%B2%E0%B8%81%E0%B8%B2%E0%B8%A3%E0%B8%84%E0%B8%AD%E0%B8%A1%E0%B8%9E%E0%B8%B4%E0%B8%A7%E0%B9%80%E0%B8%95%E0%B8%AD%E0%B8%A3%E0%B9%8C%20%E0%B8%9B%E0%B8%9B.2560.pdf'),
(200, 14, '1', '1.5.2 หลักสูตรวิทยาศาสตรบัณฑิต  สาขาวิชาเทคโนโยลีสารสนเทศ  หลักสูตรปรับปรุง  พ.ศ. ๒๕๖๐', '', 'http://council.vru.ac.th/kcfinder/newupload/files/7.2564/vara%2052/5.2.23%20%20334-348%20%E0%B8%AA%E0%B8%A1%E0%B8%AD.08%20%E0%B8%A7%E0%B8%97.%E0%B8%9A.%E0%B9%80%E0%B8%97%E0%B8%84%E0%B9%82%E0%B8%99%E0%B9%82%E0%B8%A5%E0%B8%A2%E0%B8%B5%E0%B8%AA%E0%B8%B2%E0%B8%A3%E0%B8%AA%E0%B8%99%E0%B9%80%E0%B8%97%E0%B8%A8%20%E0%B8%9B%E0%B8%9B.2560.pdf'),
(201, 14, '1', '1.5.3 หลักสูตรวิทยาศาสตรบัณฑิต  สาขาวิชานวัตกรรมดิจิทัลและวิศวกรรมซอฟต์แวร์  หลักสูตรใหม่  พ.ศ. ๒๕๖๑', '', 'http://council.vru.ac.th/kcfinder/newupload/files/7.2564/vara%2052/5.2.24%20349-363%20%E0%B8%AA%E0%B8%A1%E0%B8%AD.08%20%E0%B8%A7%E0%B8%97.%E0%B8%9A.%E0%B8%99%E0%B8%A7%E0%B8%B1%E0%B8%95%E0%B8%81%E0%B8%A3%E0%B8%A3%E0%B8%A1%E0%B8%94%E0%B8%B4%E0%B8%88%E0%B8%B4%E0%B8%97%E0%B8%B1%E0%B8%A5%E0%B9%81%E0%B8%A5%E0%B8%B0%E0%B8%A7%E0%B8%B4%E0%B8%A8%E0%B8%A7%E0%B8%81%E0%B8%A3%E0%B8%A3%E0%B8%A1%E0%B8%8B%E0%B8%AD%E0%B8%9F%E0%B9%81%E0%B8%A7%E0%B8%A3%E0%B9%8C%20%E0%B9%83%E0%B8%AB%E0%B8%A1%E0%B9%88%202561.pdf'),
(202, 14, '1', '1.5.4 หลักสูตรวิทยาศาสตรบัณฑิต  สาขาวิชาวิทยาศาสตร์และเทคโนโลยีสิ่งแวดล้อม  หลักสูตรปรับปรุง  พ.ศ. ๒๕๖๒ ', '', 'http://council.vru.ac.th/kcfinder/newupload/files/7.2564/vara%2052/5.2.25%20364-378%20%E0%B8%AA%E0%B8%A1%E0%B8%AD.08%20%E0%B8%A7%E0%B8%97.%E0%B8%9A.%E0%B8%A7%E0%B8%B4%E0%B8%97%E0%B8%A2%E0%B8%B2%E0%B8%A8%E0%B8%B2%E0%B8%AA%E0%B8%95%E0%B8%A3%E0%B9%8C%E0%B9%81%E0%B8%A5%E0%B8%B0%E0%B9%80%E0%B8%97%E0%B8%84%E0%B9%82%E0%B8%99%E0%B9%82%E0%B8%A5%E0%B8%A2%E0%B8%B5%E0%B8%AA%E0%B8%B4%E0%B9%88%E0%B8%87%E0%B9%81%E0%B8%A7%E0%B8%94%E0%B8%A5%E0%B9%89%E0%B8%AD%E0%B8%A1%20%E0%B8%9B%E0%B8%9B.2562.pdf'),
(203, 14, '1', '1.5.5 หลักสูตรวิทยาศาสตรบัณฑิต  สาขาวิชาอาชีวอนามัยและความปลอดภัย  หลักสูตรปรับปรุง  พ.ศ. ๒๕๖๒', '', 'http://council.vru.ac.th/kcfinder/newupload/files/7.2564/vara%2052/5.2.26%20379-393%20%E0%B8%AA%E0%B8%A1%E0%B8%AD.08%20%E0%B8%A7%E0%B8%97.%E0%B8%9A.%E0%B8%AD%E0%B8%B2%E0%B8%8A%E0%B8%B5%E0%B8%A7%E0%B8%AD%E0%B8%99%E0%B8%B2%E0%B8%A1%E0%B8%B1%E0%B8%A2%E0%B9%81%E0%B8%A5%E0%B8%B0%E0%B8%84%E0%B8%A7%E0%B8%B2%E0%B8%A1%E0%B8%9B%E0%B8%A5%E0%B8%AD%E0%B8%94%E0%B8%A0%E0%B8%B1%E0%B8%A2%20%E0%B8%9B%E0%B8%9B.2562.pdf'),
(204, 14, '1', '1.5.6 หลักสูตรวิทยาศาสตรบัณฑิต  สาขาวิชามาตรวิทยาอุตสาหกรรมและระบบคุณภาพ (ต่อเนื่อง) หลักสูตรใหม่ พ.ศ. ๒๕๖๒', '', 'http://council.vru.ac.th/kcfinder/newupload/files/7.2564/vara%2052/5.2.27%20%20394-408%20%E0%B8%AA%E0%B8%A1%E0%B8%AD.08%20%E0%B8%A7%E0%B8%97.%E0%B8%9A.%E0%B8%A1%E0%B8%B2%E0%B8%95%E0%B8%A3%E0%B8%A7%E0%B8%B4%E0%B8%97%E0%B8%A2%E0%B8%B2%E0%B8%AD%E0%B8%B8%E0%B8%95%E0%B8%AA%E0%B8%B2%E0%B8%AB%E0%B8%81%E0%B8%A3%E0%B8%A3%E0%B8%A1%E0%B9%81%E0%B8%A5%E0%B8%B0%E0%B8%A3%E0%B8%B0%E0%B8%9A%E0%B8%9A%E0%B8%84%E0%B8%B8%E0%B8%93%E0%B8%A0%E0%B8%B2%E0%B8%9E%20(%E0%B8%95%E0%B9%88%E0%B8%AD%E0%B9%80%E0%B8%99%E0%B8%B7%E0%B9%88%E0%B8%AD%E0%B8%87)%20%E0%B9%83%E0%B8%AB%E0%B8%A1%E0%B9%88%202562.pdf'),
(205, 14, '1', '1.5.7 หลักสูตรวิทยาศาสตรบัณฑิต  สาขาวิชาโภชนาการและการกำหนดอาหาร  หลักสูตรปรับปรุง  พ.ศ. ๒๕๖๓', '', 'http://council.vru.ac.th/kcfinder/newupload/files/7.2564/vara%2052/5.2.28%20409-423%20%E0%B8%AA%E0%B8%A1%E0%B8%AD.08%20%E0%B8%A7%E0%B8%97.%E0%B8%9A.%E0%B9%82%E0%B8%A0%E0%B8%8A%E0%B8%99%E0%B8%B2%E0%B8%81%E0%B8%B2%E0%B8%A3%E0%B9%81%E0%B8%A5%E0%B8%B0%E0%B8%81%E0%B8%B2%E0%B8%A3%E0%B8%81%E0%B8%B3%E0%B8%AB%E0%B8%99%E0%B8%94%E0%B8%AD%E0%B8%B2%E0%B8%AB%E0%B8%B2%E0%B8%A3%20%E0%B8%9B%E0%B8%9B.2563.pdf'),
(206, 14, '1', '1.5.8 หลักสูตรวิทยาศาสตรบัณฑิต  สาขาวิชาการจัดการสาธารณภัย  หลักสูตรปรับปรุง  พ.ศ. ๒๕๖๔ ', '', 'http://council.vru.ac.th/kcfinder/newupload/files/7.2564/vara%2052/5.2.29%20%20424-438%20%E0%B8%AA%E0%B8%A1%E0%B8%AD.08%20%E0%B8%A7%E0%B8%97.%E0%B8%9A.%E0%B8%81%E0%B8%B2%E0%B8%A3%E0%B8%88%E0%B8%B1%E0%B8%94%E0%B8%81%E0%B8%B2%E0%B8%A3%E0%B8%AA%E0%B8%B2%E0%B8%98%E0%B8%B2%E0%B8%A3%E0%B8%93%E0%B8%A0%E0%B8%B1%E0%B8%A2%20%E0%B8%9B%E0%B8%9B.2564.pdf'),
(207, 14, '1', '1.5.9 หลักสูตรวิทยาศาสตรบัณฑิต  สาขาวิชาคหกรรมศาสตร์  หลักสูตรปรับปรุง  พ.ศ. ๒๕๖๔', '', 'http://council.vru.ac.th/kcfinder/newupload/files/7.2564/vara%2052/5.2.30%20%20439-453%20%E0%B8%AA%E0%B8%A1%E0%B8%AD.08%20%E0%B8%A7%E0%B8%97.%E0%B8%9A.%E0%B8%84%E0%B8%AB%E0%B8%81%E0%B8%A3%E0%B8%A3%E0%B8%A1%E0%B8%A8%E0%B8%B2%E0%B8%AA%E0%B8%95%E0%B8%A3%E0%B9%8C%20%E0%B8%9B%E0%B8%9B.2564.pdf'),
(208, 14, '1', '1.5.10 หลักสูตรวิทยาศาสตรบัณฑิต  สาขาวิชานวัตกรรมชีวผลิตภัณฑ์  หลักสูตรปรับปรุง  พ.ศ. ๒๕๖๔', '', 'http://council.vru.ac.th/kcfinder/newupload/files/7.2564/vara%2052/5.2.31%20%20454-468%20%E0%B8%AA%E0%B8%A1%E0%B8%AD.08%20%E0%B8%A7%E0%B8%97.%E0%B8%9A.%E0%B8%99%E0%B8%A7%E0%B8%B1%E0%B8%95%E0%B8%81%E0%B8%A3%E0%B8%A3%E0%B8%A1%E0%B8%8A%E0%B8%B5%E0%B8%A7%E0%B8%9C%E0%B8%A5%E0%B8%B4%E0%B8%95%E0%B8%A0%E0%B8%B1%E0%B8%93%E0%B8%91%E0%B9%8C%20%E0%B8%9B%E0%B8%9B.2564.pdf'),
(209, 14, '1', '1.5.11 หลักสูตรวิทยาศาสตรบัณฑิต  สาขาวิชานวัตกรรมอาหารและเครื่องดื่มเพื่อสุขภาพ  หลักสูตรใหม่  พ.ศ. ๒๕๖๒', '', 'http://council.vru.ac.th/kcfinder/newupload/files/7.2564/vara%2052/5.2.32%20%20469-491%20%E0%B8%AA%E0%B8%A1%E0%B8%AD.08%20%E0%B8%A7%E0%B8%97.%E0%B8%9A.%E0%B8%99%E0%B8%A7%E0%B8%B1%E0%B8%95%E0%B8%81%E0%B8%A3%E0%B8%A3%E0%B8%A1%E0%B8%AD%E0%B8%B2%E0%B8%AB%E0%B8%B2%E0%B8%A3%E0%B9%81%E0%B8%A5%E0%B8%B0%E0%B9%80%E0%B8%84%E0%B8%A3%E0%B8%B7%E0%B9%88%E0%B8%AD%E0%B8%87%E0%B8%94%E0%B8%B7%E0%B9%88%E0%B8%A1%E0%B9%80%E0%B8%9E%E0%B8%B7%E0%B9%88%E0%B8%AD%E0%B8%AA%E0%B8%B8%E0%B8%82%E0%B8%A0%E0%B8%B2%E0%B8%9E%20%E0%B9%83%E0%B8%AB%E0%B8%A1%E0%B9%88%202562%20%E0%B8%89%E0%B8%9A%E0%B8%B1%E0%B8%9A%E0%B8%99%E0%B8%B3%E0%B9%80%E0%B8%82%E0%B9%89%E0%B8%B2%E0%B8%AA%E0%B8%A0%E0%B8%B2%E0%B8%A1%E0%B8%AB%E0%B8%B2%E0%B8%A5%E0%B8%B1%E0%B8%A2.pdf'),
(210, 14, '1', '1.6 การพิจารณาตำแหน่งทางวิชาการ  (ลับ) ', '', '-'),
(211, 14, '2', '2.1 รับรองรายงานการประชุม ครั้งที่ 6/2564 วันพุธที่ 23 มิถุนายน พ.ศ.2564', '1734325756.pdf', ''),
(212, 14, '4', '4.1 การติดตามงบประมาณ ประจำปีงบประมาณ 2564', '152210180.pdf', ''),
(213, 14, '4', '4.2 รายงาน VRU Project Monitoring', '32600021.pdf', ''),
(214, 14, '4', '4.3 Green Faculty “การเตรียมความพร้อมเพื่อก้าวสู่การเป็นสำนักงานสีเขียว” ((ร่าง OKRs) โครงการพัฒนาสิ่งแวดล้อมและบริหารจัดการคณะสีเขียว)', '353946934.pdf', ''),
(215, 14, '4', '4.3.1 Green Faculty ', '962309656.pdf', ''),
(216, 14, '4', '4.4 การดำเนินกิจกรรมภายใต้นโยบายของมหาวิทยาลัยโดยมุ่งเน้นประโยชน์แก่สังคม ชุมชน', '', '-'),
(217, 14, '4', '4.5 แจ้งเปลี่ยนแปลงประธานหลักสูตร หลักสูตรคหกรรมศาสตร์', '982961960.pdf', ''),
(218, 14, '4', '4.6 ขอแจ้งเปลี่ยนแปลงกำหนดการจัดส่งการสำรวจข้อมูลจำนวนเครื่องคอมพิวเตอร์ภายในมหาวิทยาลัย เป็นวันที่ 23 ก.ค.64', '1743394861.pdf', ''),
(219, 14, '4', '4.6.1TCAS-ทปอ-template-สำรวจคอมพิวเตอร์-v07-8Jul21+(1)', '564800059.pdf', ''),
(220, 14, '4', '4.6.2TCAS-ทปอ-template-สำรวจคอมพิวเตอร์-v07-8Jul21+(2)', '2074429600.pdf', ''),
(221, 14, '4', '4.7 แจ้งเปลี่ยนแปลงประธานหลักสูตร หลักสูตรการจัดการภัยพิบัติและบรรเทาสาธารณภัย', '523827518.pdf', ''),
(222, 15, '1', '', '', '-'),
(223, 15, '2', '2.1 รับรองรายงานการประชุม ครั้งที่ 5/2564 วันพุธที่ 23 มิถุนายน พ.ศ.2564', '1790578272.pdf', ''),
(224, 15, '3', '', '', '-'),
(225, 15, '5', '5.1 การพิจารณาหลักฐานการเบิกค่าตอบแทนนอกเหนือจากค่าจ้างฯ ผศ.ดร.ตีรณรรถ ศรีสุนนท์', '1970759026.pdf', ''),
(226, 15, '5', '5.2 การพิจารณาหลักฐานการเบิกค่าตอบแทนนอกเหนือจากค่าจ้างฯ ผศ.ดร.รัตถชล อ่างมณี', '1360597929.pdf', ''),
(227, 15, '5', '5.3 โครงการหลักสูตรระยะสั้น ประเภทโครงการวุฒิบัตร ชื่อโครงการหลักสูตรพลิกโฉมร้านค้าสู่ธุรกิจดิจิทัลครบวงจร', '1633223079.pdf', ''),
(228, 15, '5', '5.4 พิจารณาเอกสารนักศึกษาขาดสอบ', '', 'https://forms.gle/TRssoqhEe5XLSnkbA'),
(231, 14, '1', '1.7 ประกาศฯ เรื่องหลักเกณฑ์และวิธีการจ่ายเงินช่วยเหลือนักศึกษาจากการติดเชื้อโควิด-19', '2068119897.pdf', ''),
(232, 16, '1', '1.1  รายงานผลการจัดอันดับมหาวิทยาลัยเพื่อการพัฒนาชุมชนอย่างยั่งยืน', '', 'http://mms.vru.ac.th/kcfinder/upload_new/files/6_2564/4.4.pdf'),
(233, 16, '1', '1.2 แผนกลยุทธ์มหาวิทยาลัย พ.ศ. ๒๕๖๕ – ๒๕๖๙ และแผนปฏิบัติการมหาวิทยาลัย ปีงบประมาณ พ.ศ. ๒๕๖๕', '', 'http://mms.vru.ac.th/kcfinder/upload_new/files/8_2564/5.1-1.pdf'),
(234, 16, '1', '1.3 (ร่าง) ประกาศมหาวิทยาลัยราชภัฏวไลยอลงกรณ์ ในพระบรมราชูปถัมภ์ จังหวัดปทุมธานี เรื่อง การลดหย่อนอัตราค่าธรรมเนียมการศึกษา (ฉบับที่ ๔) พ.ศ. ๒๕๖๔', '', 'http://mms.vru.ac.th/kcfinder/upload_new/files/6_2564/5.2.pdf'),
(235, 16, '2', '2.1 รับรองรายงานการประชุม ครั้งที่ 7/2564 วันพุธที่ 21 กรกฎาคม พ.ศ.2564', '1415402272.pdf', ''),
(236, 16, '1', '1.4 รายงานสถานะเงินกองทุนของมหาวิทยาลัย  ไตรมาสที่ ๓  (วันที่ ๑ ตุลาคม ๒๕๖๓ – ๓๐ มิถุนายน ๒๕๖๔ ', '', 'http://council.vru.ac.th/admin/spa_class_detail.php?title=%E0%B9%94.%E0%B9%92%C2%A0%20%E0%B8%A3%E0%B8%B2%E0%B8%A2%E0%B8%87%E0%B8%B2%E0%B8%99%E0%B8%AA%E0%B8%96%E0%B8%B2%E0%B8%99%E0%B8%B0%E0%B9%80%E0%B8%87%E0%B8%B4%E0%B8%99%E0%B8%81%E0%B8%AD%E0%B8%87%E0%B8%97%E0%B8%B8%E0%B8%99%E0%B8%82%E0%B8%AD%E0%B8%87%E0%B8%A1%E0%B8%AB%E0%B8%B2%E0%B8%A7%E0%B8%B4%E0%B8%97%E0%B8%A2%E0%B8%B2%E0%B8%A5%E0%B8%B1%E0%B8%A2%20%E0%B9%84%E0%B8%95%E0%B8%A3%E0%B8%A1%E0%B8%B2%E0%B8%AA%E0%B8%97%E0%B8%B5%E0%B9%88%20%E0%B9%93%C2%A0%20(%E0%B8%A7%E0%B8%B1%E0%B8%99%E0%B8%97%E0%B8%B5%E0%B9%88%C2%A0%E0%B9%91%C2%A0%E0%B8%95%E0%B8%B8%E0%B8%A5%E0%B8%B2%E0%B8%84%E0%B8%A1%C2%A0%20%E0%B9%92%E0%B9%95%E0%B9%96%E0%B9%93%20%E2%80%93%20%E0%B9%93%E0%B9%90%C2%A0%20%E0%B8%A1%E0%B8%B4%E0%B8%96%E0%B8%B8%E0%B8%99%E0%B8%B2%E0%B8%A2%E0%B8%99%C2%A0%20%E0%B9%92%E0%B9%95%E0%B9%96%E0%B9%94)'),
(237, 16, '1', '1.5 รายงานความก้าวหน้าการเบิกจ่ายงบประมาณทุนสนับสนุนการวิจัย', '', 'http://council.vru.ac.th/kcfinder/newupload/files/9.2564/vara%2044/%E0%B8%A3%E0%B8%B2%E0%B8%A2%E0%B8%87%E0%B8%B2%E0%B8%99%E0%B8%AA%E0%B8%A0%E0%B8%B2%2030%20%E0%B8%A1%E0%B8%B4.%E0%B8%A2.64%20%E0%B8%AA%E0%B8%96%E0%B8%B2%E0%B8%9A%E0%B8%B1%E0%B8%99%E0%B8%A7%E0%B8%B4%E0%B8%88%E0%B8%B1%E0%B8%A2%20%E0%B8%A3%E0%B8%B2%E0%B8%A2%E0%B8%87%E0%B8%B2%E0%B8%99%E0%B8%87%E0%B8%9A%E0%B8%9B%E0%B8%A3%E0%B8%B0%E0%B8%A1%E0%B8%B2%E0%B8%93%E0%B8%A7%E0%B8%B4%E0%B8%88%E0%B8%B1%E0%B8%A2.pdf'),
(238, 16, '1', '1.6 การพิจารณารายชื่อผู้สมควรได้รับการแต่งตั้งให้ดำรงตำแหน่งกรรมการสภามหาวิทยาลัยผู้ทรงคุณวุฒิ แทนตำแหน่งที่ว่าง ', '', 'http://council.vru.ac.th/admin/spa_class_detail.php?title=%E0%B9%95.%E0%B9%91%C2%A0%20%E0%B8%81%E0%B8%B2%E0%B8%A3%E0%B8%9E%E0%B8%B4%E0%B8%88%E0%B8%B2%E0%B8%A3%E0%B8%93%E0%B8%B2%E0%B8%A3%E0%B8%B2%E0%B8%A2%E0%B8%8A%E0%B8%B7%E0%B9%88%E0%B8%AD%E0%B8%9C%E0%B8%B9%E0%B9%89%E0%B8%AA%E0%B8%A1%E0%B8%84%E0%B8%A7%E0%B8%A3%E0%B9%84%E0%B8%94%E0%B9%89%E0%B8%A3%E0%B8%B1%E0%B8%9A%E0%B8%81%E0%B8%B2%E0%B8%A3%E0%B9%81%E0%B8%95%E0%B9%88%E0%B8%87%E0%B8%95%E0%B8%B1%E0%B9%89%E0%B8%87%E0%B9%83%E0%B8%AB%E0%B9%89%E0%B8%94%E0%B8%B3%E0%B8%A3%E0%B8%87%E0%B8%95%E0%B8%B3%E0%B9%81%E0%B8%AB%E0%B8%99%E0%B9%88%E0%B8%87%E0%B8%81%E0%B8%A3%E0%B8%A3%E0%B8%A1%E0%B8%81%E0%B8%B2%E0%B8%A3%E0%B8%AA%E0%B8%A0%E0%B8%B2%E0%B8%A1%E0%B8%AB%E0%B8%B2%E0%B8%A7%E0%B8%B4%E0%B8%97%E0%B8%A2%E0%B8%B2%E0%B8%A5%E0%B8%B1%E0%B8%A2%E0%B8%9C%E0%B8%B9%E0%B9%89%E0%B8%97%E0%B8%A3%E0%B8%87%E0%B8%84%E0%B8%B8%E0%B8%93%E0%B8%A7%E0%B8%B8%E0%B8%92%E0%B8%B4%C2%A0%20%E0%B9%81%E0%B8%97%E0%B8%99%E0%B8%95%E0%B8%B3%E0%B9%81%E0%B8%AB%E0%B8%99%E0%B9%88%E0%B8%87%E0%B8%97%E0%B8%B5%E0%B9%88%E0%B8%A7%E0%B9%88%E0%B8%B2%E0%B8%87&spanum=9/2564'),
(239, 16, '1', '1.7 (ร่าง) ข้อบังคับมหาวิทยาลัยราชภัฏวไลยอลงกรณ์ ในพระบรมราชูปถัมภ์ จังหวัดปทุมธานี ว่าด้วย การจัดการศึกษาระดับอนุปริญญาและปริญญาตรี (ฉบับที่ ๔) พ.ศ....', '', 'http://council.vru.ac.th/admin/spa_class_detail.php?title=%E0%B9%95.%E0%B9%97%C2%A0%20(%E0%B8%A3%E0%B9%88%E0%B8%B2%E0%B8%87)%20%E0%B8%82%E0%B9%89%E0%B8%AD%E0%B8%9A%E0%B8%B1%E0%B8%87%E0%B8%84%E0%B8%B1%E0%B8%9A%E0%B8%A1%E0%B8%AB%E0%B8%B2%E0%B8%A7%E0%B8%B4%E0%B8%97%E0%B8%A2%E0%B8%B2%E0%B8%A5%E0%B8%B1%E0%B8%A2%E0%B8%A3%E0%B8%B2%E0%B8%8A%E0%B8%A0%E0%B8%B1%E0%B8%8F%E0%B8%A7%E0%B9%84%E0%B8%A5%E0%B8%A2%E0%B8%AD%E0%B8%A5%E0%B8%87%E0%B8%81%E0%B8%A3%E0%B8%93%E0%B9%8C%20%E0%B9%83%E0%B8%99%E0%B8%9E%E0%B8%A3%E0%B8%B0%E0%B8%9A%E0%B8%A3%E0%B8%A1%E0%B8%A3%E0%B8%B2%E0%B8%8A%E0%B8%B9%E0%B8%9B%E0%B8%96%E0%B8%B1%E0%B8%A1%E0%B8%A0%E0%B9%8C%20%E0%B8%88%E0%B8%B1%E0%B8%87%E0%B8%AB%E0%B8%A7%E0%B8%B1%E0%B8%94%E0%B8%9B%E0%B8%97%E0%B8%B8%E0%B8%A1%E0%B8%98%E0%B8%B2%E0%B8%99%E0%B8%B5%C2%A0%20%E0%B8%A7%E0%B9%88%E0%B8%B2%E0%B8%94%E0%B9%89%E0%B8%A7%E0%B8%A2%C2%A0%20%E0%B8%81%E0%B8%B2%E0%B8%A3%E0%B8%88%E0%B8%B1%E0%B8%94%E0%B8%81%E0%B8%B2%E0%B8%A3%E0%B8%A8%E0%B8%B6%E0%B8%81%E0%B8%A9%E0%B8%B2%E0%B8%A3%E0%B8%B0%E0%B8%94%E0%B8%B1%E0%B8%9A%E0%B8%AD%E0%B8%99%E0%B8%B8%E0%B8%9B%E0%B8%A3%E0%B8%B4%E0%B8%8D%E0%B8%8D%E0%B8%B2%E0%B9%81%E0%B8%A5%E0%B8%B0%E0%B8%9B%E0%B8%A3%E0%B8%B4%E0%B8%8D%E0%B8%8D%E0%B8%B2%E0%B8%95%E0%B8%A3%E0%B8%B5%20(%E0%B8%89%E0%B8%9A%E0%B8%B1%E0%B8%9A%E0%B8%97%E0%B8%B5%E0%B9%88%C2%A0%20%E0%B9%94)%20%E0%B8%9E.%E0%B8%A8.%20%E0%B9%92%E0%B9%95%E0%B9%96%E0%B9%94'),
(240, 16, '1', '1.9 การจัดทำแผนวิจัยระดับหลักสูตรและคณะ', '', '-'),
(241, 16, '4', '4.1 รายงาน VRU Project Monitoring', '1355687078.pdf', ''),
(242, 16, '5', '5.1 แผนพัฒนาคุณภาพ (Improvement Plan) หลักสูตร ประจำปีการศึกษา ๒๕๖๔ ', '', '-'),
(243, 16, '5', '5.1.1 นวัตกรรมชีวผลิตภัณฑ์', '665238338.pdf', ''),
(244, 16, '5', '5.1.2 นวัตกรรมอาหารและเครื่องดื่มเพื่อสุขภาพ', '1842224665.pdf', ''),
(245, 16, '5', '5.1.3 การจัดการสาธารณภัย', '30881563.pdf', ''),
(246, 16, 'โปรดเลือกหัวข้อ', '5.1.2 นวัตกรรมอาหารและเครื่องดื่มเพื่อสุขภาพ', '', '-'),
(247, 16, '5', '5.1.4 วิทยาศาสตร์และนวัตกรรมเพื่อการพัฒนา', '48471872.pdf', ''),
(248, 16, '5', '5.1.5 คณิตศาสตร์ประยุกต์', '387840742.pdf', ''),
(249, 16, '5', '5.1.6 คหกรรมศาสตร์', '1733096990.pdf', ''),
(250, 16, '5', '5.1.7มาตรวิทยาอุตสาหกรรมและระบบคุณภาพ', '57383529.pdf', ''),
(251, 16, '5', '5.1.8 โภชนาการและการกำหนดอาหาร', '1301752630.pdf', ''),
(252, 16, '5', '5.1.9 วิทยาศาสตร์และเทคโนโลยีสิ่งแวดล้อม', '389723607.pdf', ''),
(253, 16, '5', '5.1.10 อาชีวอนามัยและความปลอดภัย', '806045322.pdf', ''),
(254, 16, '5', '5.1.11 เคมี', '1853862997.pdf', ''),
(255, 16, '5', '5.1.12วิทยาการคอมพิวเตอร์', '1014662241.pdf', ''),
(256, 16, '5', '5.1.13 เทคโนโลยีสารสนเทศ', '615418828.pdf', ''),
(257, 16, '5', '5.1.14 ฟิสิกส์ประยุกต์', '830937953.pdf', ''),
(258, 16, '5', '5.1.15 นวัตกรรมดิจิทัลและวิศวกรรมซอฟต์แวร์', '848294876.pdf', ''),
(259, 16, '5', '5.2 ขออนุญาตจ้างพนักงานมหาวิทยาลัย ลักษณะพนักงานชั่วคราว สาขาวิชานวัตกรรมอาหารและเครื่องดื่มเพื่อสุขภาพ', '238947079.pdf', ''),
(260, 16, '5', '5.3.1 (ร่าง)นโยบายการจัดการสิ่งแวดล้อมภายในคณะวิทยาศาสตร์และเทคโนโลยี ', '1981058877.pdf', ''),
(262, 17, '2', '๒.๑ รับรองรายงานการประชุม ครั้งที่ ๖/๒๕๖๔ วันพุธที่ ๒๑ กรกฎาคม พ.ศ.๒๕๖๔', '735799581.pdf', ''),
(261, 16, '5', '5.3.2 แผนดำเนินงานคณะสีเขียว ประจำปีงบประมาณ ๒๕๖๕', '98740634.pdf', ''),
(263, 17, '5', '๕.๑ ขอจ้างอาจารย์พิเศษ ภาคเรียนที่ ๒/๒๕๖๔ สาขาวิชานวัตกรรมอาหารและเครื่องดื่ม   เพื่อสุขภาพ', '1832661448.pdf', ''),
(264, 17, '5', '๕.๒ ขอปรับปรุงหลักสูตร (สมอ.๐๘) สาขาวิชาโภชนาการและการกำหนดอาหาร', '1653659139.pdf', ''),
(265, 17, '5', '๕.๓ ขอปรับปรุงหลักสูตร (สมอ.๐๘) สาขาวิชาคณิตศาสตร์ประยุกต์', '65222009.pdf', ''),
(266, 17, '5', '๕.๔ ขอปรับปรุงหลักสูตร (สมอ.๐๘) สาขาวิชาเทคโนโลยีสารสนเทศ', '1183396498.pdf', ''),
(267, 17, '5', '๕.๔ การพิจารณาหลักฐานการเบิกค่าตอบแทนนอกเหนือจากค่าจ้างฯ ผศ.โยธิน กัลยาเลิศ', '1151101608.pdf', ''),
(268, 18, '2', '๒.๑ รับรองรายงานการประชุม ครั้งที่ ๗/๒๕๖๔ วันพุธที่ ๒๕ สิงหาคม พ.ศ.๒๕๖๔', '608419184.pdf', ''),
(269, 18, '4', '๔.๑ การยืนยันเข้าร่วมในระบบการคัดเลือกกลางบุคคลเข้าศึกษาในสถาบันอุดมศึกษา ปีการศึกษา ๒๕๖๕', '', '-'),
(270, 18, '4', '๔.๑.๑ บันทึกการยืนยันเข้าร่วมในระบบการคัดเลือกกลางบุคคลเข้าศึกษาในสถาบันอุดมศึกษา ปีการศึกษา ๒๕๖๕', '610635099.pdf', ''),
(271, 18, '4', '๔.๑.๒ เอกสารการยืนยันเข้าร่วมในระบบการคัดเลือกกลางบุคคลเข้าศึกษาในสถาบันอุดมศึกษา ปีการศึกษา ๒๕๖๕', '1102227664.pdf', ''),
(272, 19, '1', '1.1รายงานความก้าวหน้าการดำเนินงานโครงการวิจัย เรื่อง ชุดนวัตกรรมการเรียนรู้Coding รูปแบบ Unplugged ในวิชาวิทยาการคำนวณ เพื่อส่งเสริมสมรรถนะ ในศตวรรษที่ ๒๑  ', '', 'http://council.vru.ac.th/kcfinder/newupload/files/10.2564/vara%2043/0%20%E0%B8%A3%E0%B8%B2%E0%B8%A2%E0%B8%A5%E0%B8%B0%E0%B9%80%E0%B8%AD%E0%B8%B5%E0%B8%A2%E0%B8%94%20%E0%B8%84%E0%B8%A7%E0%B8%B2%E0%B8%A1%E0%B8%81%E0%B9%89%E0%B8%B2%E0%B8%A7%E0%B8%AB%E0%B8%99%E0%B9%89%E0%B8%B2%E0%B9%82%E0%B8%84%E0%B8%A3%E0%B8%87%E0%B8%81%E0%B8%B2%E0%B8%A3%E0%B8%A7%E0%B8%B4%E0%B8%88%E0%B8%B1%E0%B8%A2%204.3.pdf'),
(273, 19, '1', '1.2 (ร่าง) แผนกลยุทธ์มหาวิทยาลัยราชภัฏวไลยอลงกรณ์ ในพระบรมราชูปถัมภ์ พ.ศ. ๒๕๖๕ – ๒๕๖๙  และ (ร่าง) แผนปฏิบัติการมหาวิทยาลัยราชภัฏวไลยอลงกรณ์ ในพระบรมราชูปถัมภ์ ประจำปีงบประมาณ พ.ศ. ๒๕๖๕', '', 'http://council.vru.ac.th/admin/spa_class_detail.php?title=%E0%B9%95.%E0%B9%92%C2%A0%20(%E0%B8%A3%E0%B9%88%E0%B8%B2%E0%B8%87)%20%E0%B9%81%E0%B8%9C%E0%B8%99%E0%B8%81%E0%B8%A5%E0%B8%A2%E0%B8%B8%E0%B8%97%E0%B8%98%E0%B9%8C%E0%B8%A1%E0%B8%AB%E0%B8%B2%E0%B8%A7%E0%B8%B4%E0%B8%97%E0%B8%A2%E0%B8%B2%E0%B8%A5%E0%B8%B1%E0%B8%A2%E0%B8%A3%E0%B8%B2%E0%B8%8A%E0%B8%A0%E0%B8%B1%E0%B8%8F%E0%B8%A7%E0%B9%84%E0%B8%A5%E0%B8%A2%E0%B8%AD%E0%B8%A5%E0%B8%87%E0%B8%81%E0%B8%A3%E0%B8%93%E0%B9%8C%20%E0%B9%83%E0%B8%99%E0%B8%9E%E0%B8%A3%E0%B8%B0%E0%B8%9A%E0%B8%A3%E0%B8%A1%E0%B8%A3%E0%B8%B2%E0%B8%8A%E0%B8%B9%E0%B8%9B%E0%B8%96%E0%B8%B1%E0%B8%A1%E0%B8%A0%E0%B9%8C%C2%A0%E0%B8%9E.%E0%B8%A8.%20%E0%B9%92%E0%B9%95%E0%B9%96%E0%B9%95%20%E2%80%93%20%E0%B9%92%E0%B9%95%E0%B9%96%E0%B9%99%C2%A0%20%E0%B9%81%E0%B8%A5%E0%B8%B0%20(%E0%B8%A3%E0%B9%88%E0%B8%B2%E0%B8%87)%20%E0%B9%81%E0%B8%9C%E0%B8%99%E0%B8%9B%E0%B8%8F%E0%B8%B4%E0%B8%9A%E0%B8%B1%E0%B8%95%E0%B8%B4%E0%B8%81%E0%B8%B2%E0%B8%A3%E0%B8%A1%E0%B8%AB%E0%B8%B2%E0%B8%A7%E0%B8%B4%E0%B8%97%E0%B8%A2%E0%B8%B2%E0%B8%A5%E0%B8%B1%E0%B8%A2%E0%B8%A3%E0%B8%B2%E0%B8%8A%E0%B8%A0%E0%B8%B1%E0%B8%8F%E0%B8%A7%E0%B9%84%E0%B8%A5%E0%B8%A2%E0%B8%AD%E0%B8%A5%E0%B8%87%E0%B8%81%E0%B8%A3%E0%B8%93%E0%B9%8C%C2%A0%E0%B9%83%E0%B8%99%E0%B8%9E%E0%B8%A3%E0%B8%B0%E0%B8%9A%E0%B8%A3%E0%B8%A1%E0%B8%A3%E0%B8%B2%E0%B8%8A%E0%B8%B9%E0%B8%9B%E0%B8%96%E0%B8%B1%E0%B8%A1%E0%B8%A0%E0%B9%8C%20%E0%B8%9B%E0%B8%A3%E0%B8%B0%E0%B8%88%E0%B8%B3%E0%B8%9B%E0%B8%B5%E0%B8%87%E0%B8%9A%E0%B8%9B%E0%B8%A3%E0%B8%B0%E0%B8%A1%E0%B8%B2%E0%B8%93%C2%A0%20%E0%B8%9E.%E0%B8%A8.%20%E0%B9%92%E0%B9%95%E0%B9%96%E0%B9%95'),
(274, 19, '1', '1.3 (ร่าง) แผนการพัฒนาความเป็นเลิศของมหาวิทยาลัย  แผนการผลิตกำลังคนระดับสูงเฉพาะทางตามความต้องการของประเทศ', '', 'http://council.vru.ac.th/kcfinder/newupload/files/10.2564/vara%2053/0%20%E0%B8%A3%E0%B8%B2%E0%B8%A2%E0%B8%A5%E0%B8%B0%E0%B9%80%E0%B8%AD%E0%B8%B5%E0%B8%A2%E0%B8%94%205.3.pdf'),
(275, 19, '1', '1.4 (ร่าง) แผนบริหารความเสี่ยง ประจำปีงบประมาณ  พ.ศ. 2564', '', 'http://council.vru.ac.th/kcfinder/newupload/files/10.2564/vara%2054/0%20%E0%B8%A3%E0%B8%B2%E0%B8%A2%E0%B8%A5%E0%B8%B0%E0%B9%80%E0%B8%AD%E0%B8%B5%E0%B8%A2%E0%B8%94%205.4.pdf'),
(276, 19, '1', '1.5 การรับโอนข้าราชการพลเรือนในสถาบันอุดมศึกษา', '', 'http://council.vru.ac.th/admin/spa_class_detail.php?title=%E0%B9%95.%E0%B9%99%C2%A0%20%E0%B8%81%E0%B8%B2%E0%B8%A3%E0%B8%A3%E0%B8%B1%E0%B8%9A%E0%B9%82%E0%B8%AD%E0%B8%99%E0%B8%82%E0%B9%89%E0%B8%B2%E0%B8%A3%E0%B8%B2%E0%B8%8A%E0%B8%81%E0%B8%B2%E0%B8%A3%E0%B8%9E%E0%B8%A5%E0%B9%80%E0%B8%A3%E0%B8%B7%E0%B8%AD%E0%B8%99%E0%B9%83%E0%B8%99%E0%B8%AA%E0%B8%96%E0%B8%B2%E0%B8%9A%E0%B8%B1%E0%B8%99%E0%B8%AD%E0%B8%B8%E0%B8%94%E0%B8%A1%E0%B8%A8%E0%B8%B6%E0%B8%81%E0%B8%A9%E0%B8%B2'),
(277, 19, '1', '1.6 (ร่าง) หลักสูตรระยะสั้น หลักสูตรการจัดการชุมชนเข้มแข็ง หลักสูตรใหม่ พ.ศ. 2564', '', 'http://mms.vru.ac.th/kcfinder/upload_new/files/9_2564/5.1-1.pdf'),
(278, 19, '1', '1.7 (ร่าง) หลักสูตรระยะสั้น หลักสูตรการจัดตกแต่งจานอาหาร แนว Food Stylist  และ Street Food to dining หลักสูตรใหม่ พ.ศ. ๒๕๖๔  ', '', 'http://mms.vru.ac.th/spa_class_detail.php?title=(%E0%B8%A3%E0%B9%88%E0%B8%B2%E0%B8%87)%20%E0%B8%AB%E0%B8%A5%E0%B8%B1%E0%B8%81%E0%B8%AA%E0%B8%B9%E0%B8%95%E0%B8%A3%E0%B8%A3%E0%B8%B0%E0%B8%A2%E0%B8%B0%E0%B8%AA%E0%B8%B1%E0%B9%89%E0%B8%99%20%E0%B8%AB%E0%B8%A5%E0%B8%B1%E0%B8%81%E0%B8%AA%E0%B8%B9%E0%B8%95%E0%B8%A3%E0%B8%81%E0%B8%B2%E0%B8%A3%E0%B8%88%E0%B8%B1%E0%B8%94%E0%B8%95%E0%B8%81%E0%B9%81%E0%B8%95%E0%B9%88%E0%B8%87%E0%B8%AD%E0%B8%B2%E0%B8%AB%E0%B8%B2%E0%B8%A3%20%E0%B9%81%E0%B8%99%E0%B8%A7%20Food%20Stylist%20%E0%B9%81%E0%B8%A5%E0%B8%B0%20Street%20Food%20Dining%20%E0%B8%AB%E0%B8%A5%E0%B8%B1%E0%B8%81%E0%B8%AA%E0%B8%B9%E0%B8%95%E0%B8%A3%E0%B9%83%E0%B8%AB%E0%B8%A1%E0%B9%88%20%E0%B8%9E.%E0%B8%A8.%20%E0%B9%92%E0%B9%95%E0%B9%96%E0%B9%94'),
(279, 19, '1', '1.8  (ร่าง) หลักสูตรระยะสั้น หลักสูตรการประกอบอาหารไทยเบื้องต้น หลักสูตรใหม่ พ.ศ. ๒๕๖๔', '', 'http://mms.vru.ac.th/spa_class_detail.php?title=(%E0%B8%A3%E0%B9%88%E0%B8%B2%E0%B8%87)%20%E0%B8%AB%E0%B8%A5%E0%B8%B1%E0%B8%81%E0%B8%AA%E0%B8%B9%E0%B8%95%E0%B8%A3%E0%B8%A3%E0%B8%B0%E0%B8%A2%E0%B8%B0%E0%B8%AA%E0%B8%B1%E0%B9%89%E0%B8%99%20%E0%B8%AB%E0%B8%A5%E0%B8%B1%E0%B8%81%E0%B8%AA%E0%B8%B9%E0%B8%95%E0%B8%A3%E0%B8%81%E0%B8%B2%E0%B8%A3%E0%B8%9B%E0%B8%A3%E0%B8%B0%E0%B8%81%E0%B8%AD%E0%B8%9A%E0%B8%AD%E0%B8%B2%E0%B8%AB%E0%B8%B2%E0%B8%A3%E0%B9%84%E0%B8%97%E0%B8%A2%E0%B9%80%E0%B8%9A%E0%B8%B7%E0%B9%89%E0%B8%AD%E0%B8%87%E0%B8%95%E0%B9%89%E0%B8%99%20%E0%B8%AB%E0%B8%A5%E0%B8%B1%E0%B8%81%E0%B8%AA%E0%B8%B9%E0%B8%95%E0%B8%A3%E0%B9%83%E0%B8%AB%E0%B8%A1%E0%B9%88%20%E0%B8%9E.%E0%B8%A8.%20%E0%B9%92%E0%B9%95%E0%B9%96%E0%B9%94');
INSERT INTO `report_detail` (`id_detail`, `id_report`, `title`, `name_title`, `file`, `link`) VALUES
(280, 19, '1', '1.9 (ร่าง) หลักสูตรระยะสั้น หลักสูตรทดสอบมาตรฐานฝีมือแรงงาน “ผู้ประกอบอาหารไทย ระดับ ๑” หลักสูตรใหม่ พ.ศ. ๒๕๖๔', '', 'http://mms.vru.ac.th/spa_class_detail.php?title=(%E0%B8%A3%E0%B9%88%E0%B8%B2%E0%B8%87)%20%E0%B8%AB%E0%B8%A5%E0%B8%B1%E0%B8%81%E0%B8%AA%E0%B8%B9%E0%B8%95%E0%B8%A3%E0%B8%A3%E0%B8%B0%E0%B8%A2%E0%B8%B0%E0%B8%AA%E0%B8%B1%E0%B9%89%E0%B8%99%20%E0%B8%AB%E0%B8%A5%E0%B8%B1%E0%B8%81%E0%B8%AA%E0%B8%B9%E0%B8%95%E0%B8%A3%E0%B8%97%E0%B8%94%E0%B8%AA%E0%B8%AD%E0%B8%9A%E0%B8%A1%E0%B8%B2%E0%B8%95%E0%B8%A3%E0%B8%90%E0%B8%B2%E0%B8%99%E0%B8%9D%E0%B8%B5%E0%B8%A1%E0%B8%B7%E0%B8%AD%E0%B9%81%E0%B8%A3%E0%B8%87%E0%B8%87%E0%B8%B2%E0%B8%99%20%E2%80%9C%E0%B8%9C%E0%B8%B9%E0%B9%89%E0%B8%9B%E0%B8%A3%E0%B8%B0%E0%B8%81%E0%B8%AD%E0%B8%9A%E0%B8%AD%E0%B8%B2%E0%B8%AB%E0%B8%B2%E0%B8%A3%E0%B9%84%E0%B8%97%E0%B8%A2%20%E0%B8%A3%E0%B8%B0%E0%B8%94%E0%B8%B1%E0%B8%9A%20%E0%B9%91%E2%80%9D%20%E0%B8%AB%E0%B8%A5%E0%B8%B1%E0%B8%81%E0%B8%AA%E0%B8%B9%E0%B8%95%E0%B8%A3%E0%B9%83%E0%B8%AB%E0%B8%A1%E0%B9%88%20%E0%B8%9E.%E0%B8%A8.%20%E0%B9%92%E0%B9%95%E0%B9%96%E0%B9%94'),
(281, 19, '1', '1.10 ขอหารือเรื่องการบริการที่ทับซ้อนของงานส่งเสริมสุขภาพนักศึกษาและวไลยอลงกรณ์คลินิกเวชกรรม', '', 'http://mms.vru.ac.th/spa_class_detail.php?title=%E0%B8%82%E0%B8%AD%E0%B8%AB%E0%B8%B2%E0%B8%A3%E0%B8%B7%E0%B8%AD%E0%B9%80%E0%B8%A3%E0%B8%B7%E0%B9%88%E0%B8%AD%E0%B8%87%E0%B8%81%E0%B8%B2%E0%B8%A3%E0%B8%9A%E0%B8%A3%E0%B8%B4%E0%B8%81%E0%B8%B2%E0%B8%A3%E0%B8%97%E0%B8%B5%E0%B9%88%E0%B8%97%E0%B8%B1%E0%B8%9A%E0%B8%8B%E0%B9%89%E0%B8%AD%E0%B8%99%E0%B8%82%E0%B8%AD%E0%B8%87%E0%B8%87%E0%B8%B2%E0%B8%99%E0%B8%AA%E0%B9%88%E0%B8%87%E0%B9%80%E0%B8%AA%E0%B8%A3%E0%B8%B4%E0%B8%A1%E0%B8%AA%E0%B8%B8%E0%B8%82%E0%B8%A0%E0%B8%B2%E0%B8%9E%E0%B8%99%E0%B8%B1%E0%B8%81%E0%B8%A8%E0%B8%B6%E0%B8%81%E0%B8%A9%E0%B8%B2%E0%B9%81%E0%B8%A5%E0%B8%B0%E0%B8%A7%E0%B9%84%E0%B8%A5%E0%B8%A2%E0%B8%AD%E0%B8%A5%E0%B8%87%E0%B8%81%E0%B8%A3%E0%B8%93%E0%B9%8C%E0%B8%84%E0%B8%A5%E0%B8%B4%E0%B8%99%E0%B8%B4%E0%B8%81%E0%B9%80%E0%B8%A7%E0%B8%8A%E0%B8%81%E0%B8%A3%E0%B8%A3%E0%B8%A1'),
(282, 19, '1', '1.11 ขอหารือการบริหารจัดการชุดตรวจ ATK สำหรับการตรวจโควิดให้แก่นักศึกษา บุคลากร และประชาชนเครือข่ายของมหาวิทยาลัย', '', 'http://mms.vru.ac.th/spa_class_detail.php?title=%E0%B8%82%E0%B8%AD%E0%B8%AB%E0%B8%B2%E0%B8%A3%E0%B8%B7%E0%B8%AD%E0%B8%81%E0%B8%B2%E0%B8%A3%E0%B8%9A%E0%B8%A3%E0%B8%B4%E0%B8%AB%E0%B8%B2%E0%B8%A3%E0%B8%88%E0%B8%B1%E0%B8%94%E0%B8%81%E0%B8%B2%E0%B8%A3%E0%B8%8A%E0%B8%B8%E0%B8%94%E0%B8%95%E0%B8%A3%E0%B8%A7%E0%B8%88%20ATK%20%E0%B8%AA%E0%B8%B3%E0%B8%AB%E0%B8%A3%E0%B8%B1%E0%B8%9A%E0%B8%81%E0%B8%B2%E0%B8%A3%E0%B8%95%E0%B8%A3%E0%B8%A7%E0%B8%88%E0%B9%82%E0%B8%84%E0%B8%A7%E0%B8%B4%E0%B8%94%E0%B9%83%E0%B8%AB%E0%B9%89%E0%B9%81%E0%B8%81%E0%B9%88%E0%B8%99%E0%B8%B1%E0%B8%81%E0%B8%A8%E0%B8%B6%E0%B8%81%E0%B8%A9%E0%B8%B2%20%E0%B8%9A%E0%B8%B8%E0%B8%84%E0%B8%A5%E0%B8%B2%E0%B8%81%E0%B8%A3%20%E0%B9%81%E0%B8%A5%E0%B8%B0%E0%B8%9B%E0%B8%A3%E0%B8%B0%E0%B8%8A%E0%B8%B2%E0%B8%8A%E0%B8%99%E0%B9%80%E0%B8%84%E0%B8%A3%E0%B8%B7%E0%B8%AD%E0%B8%82%E0%B9%88%E0%B8%B2%E0%B8%A2%E0%B8%82%E0%B8%AD%E0%B8%87%E0%B8%A1%E0%B8%AB%E0%B8%B2%E0%B8%A7%E0%B8%B4%E0%B8%97%E0%B8%A2%E0%B8%B2%E0%B8%A5%E0%B8%B1%E0%B8%A2'),
(283, 19, '1', '1.12 รายงานผลการประเมินคุณธรรมความโปร่งใสในการดำเนินงานของมหาวิทยาลัยราชภัฏวไลยอลงกรณ์', '', 'http://mms.vru.ac.th/spa_class_detail.php?title=%E0%B8%A3%E0%B8%B2%E0%B8%A2%E0%B8%87%E0%B8%B2%E0%B8%99%E0%B8%9C%E0%B8%A5%E0%B8%81%E0%B8%B2%E0%B8%A3%E0%B8%9B%E0%B8%A3%E0%B8%B0%E0%B9%80%E0%B8%A1%E0%B8%B4%E0%B8%99%E0%B8%84%E0%B8%B8%E0%B8%93%E0%B8%98%E0%B8%A3%E0%B8%A3%E0%B8%A1%E0%B8%84%E0%B8%A7%E0%B8%B2%E0%B8%A1%E0%B9%82%E0%B8%9B%E0%B8%A3%E0%B9%88%E0%B8%87%E0%B9%83%E0%B8%AA%E0%B9%83%E0%B8%99%E0%B8%81%E0%B8%B2%E0%B8%A3%E0%B8%94%E0%B8%B3%E0%B9%80%E0%B8%99%E0%B8%B4%E0%B8%99%E0%B8%87%E0%B8%B2%E0%B8%99%E0%B8%82%E0%B8%AD%E0%B8%87%E0%B8%A1%E0%B8%AB%E0%B8%B2%E0%B8%A7%E0%B8%B4%E0%B8%97%E0%B8%A2%E0%B8%B2%E0%B8%A5%E0%B8%B1%E0%B8%A2%E0%B8%A3%E0%B8%B2%E0%B8%8A%E0%B8%A0%E0%B8%B1%E0%B8%8F%E0%B8%A7%E0%B9%84%E0%B8%A5%E0%B8%A2%E0%B8%AD%E0%B8%A5%E0%B8%87%E0%B8%81%E0%B8%A3%E0%B8%93%E0%B9%8C%20%E0%B9%83%E0%B8%99%E0%B8%9E%E0%B8%A3%E0%B8%B0%E0%B8%9A%E0%B8%A3%E0%B8%A1%E0%B8%A3%E0%B8%B2%E0%B8%8A%E0%B8%B9%E0%B8%9B%E0%B8%96%E0%B8%B1%E0%B8%A1%E0%B8%A0%E0%B9%8C%20%E0%B8%9B%E0%B8%A3%E0%B8%B0%E0%B8%88%E0%B8%B3%E0%B8%9B%E0%B8%B5%E0%B8%87%E0%B8%9A%E0%B8%9B%E0%B8%A3%E0%B8%B0%E0%B8%A1%E0%B8%B2%E0%B8%93%20%E0%B9%92%E0%B9%95%E0%B9%96%E0%B9%94%20%E0%B9%81%E0%B8%A5%E0%B8%B0%20%E0%B8%81%E0%B8%B2%E0%B8%A3%E0%B8%A7%E0%B8%B4%E0%B9%80%E0%B8%84%E0%B8%A3%E0%B8%B2%E0%B8%B0%E0%B8%AB%E0%B9%8C%E0%B8%9C%E0%B8%A5%E0%B8%81%E0%B8%B2%E0%B8%A3%E0%B8%9B%E0%B8%A3%E0%B8%B0%E0%B9%80%E0%B8%A1%E0%B8%B4%E0%B8%99%E0%B8%84%E0%B8%B8%E0%B8%93%E0%B8%98%E0%B8%A3%E0%B8%A3%E0%B8%A1%E0%B8%84%E0%B8%A7%E0%B8%B2%E0%B8%A1%E0%B9%82%E0%B8%9B%E0%B8%A3%E0%B9%88%E0%B8%87%E0%B9%83%E0%B8%AA%E0%B9%83%E0%B8%99%E0%B8%81%E0%B8%B2%E0%B8%A3%E0%B8%94%E0%B8%B3%E0%B9%80%E0%B8%99%E0%B8%B4%E0%B8%99%E0%B8%87%E0%B8%B2%E0%B8%99%E0%B8%82%E0%B8%AD%E0%B8%87%E0%B8%A1%E0%B8%AB%E0%B8%B2%E0%B8%A7%E0%B8%B4%E0%B8%97%E0%B8%A2%E0%B8%B2%E0%B8%A5%E0%B8%B1%E0%B8%A2%E0%B8%A3%E0%B8%B2%E0%B8%8A%E0%B8%A0%E0%B8%B1%E0%B8%8F%E0%B8%A7%E0%B9%84%E0%B8%A5%E0%B8%A2%E0%B8%AD%E0%B8%A5%E0%B8%87%E0%B8%81%E0%B8%A3%E0%B8%93%E0%B9%8C%20%E0%B9%83%E0%B8%99%E0%B8%9E%E0%B8%A3%E0%B8%B0%E0%B8%9A%E0%B8%A3%E0%B8%A1%E0%B8%A3%E0%B8%B2%E0%B8%8A%E0%B8%B9%E0%B8%9B%E0%B8%96%E0%B8%B1%E0%B8%A1%E0%B8%A0%E0%B9%8C%20%E0%B8%9B%E0%B8%A3%E0%B8%B0%E0%B8%88%E0%B8%B3%E0%B8%9B%E0%B8%B5%E0%B8%87%E0%B8%9A%E0%B8%9B%E0%B8%A3%E0%B8%B0%E0%B8%A1%E0%B8%B2%E0%B8%93%20%E0%B9%92%E0%B9%95%E0%B9%96%E0%B9%94%20%E0%B8%95%E0%B8%B2%E0%B8%A1%E0%B8%82%E0%B9%89%E0%B8%AD%E0%B8%81%E0%B8%B3%E0%B8%AB%E0%B8%99%E0%B8%94%E0%B8%82%E0%B8%AD%E0%B8%87%20%E0%B8%95%E0%B8%B1%E0%B8%A7%E0%B8%8A%E0%B8%B5%E0%B9%89%E0%B8%A7%E0%B8%B1%E0%B8%94%20O%E0%B9%94%E0%B9%92%20%E0%B9%80%E0%B8%9E%E0%B8%B7%E0%B9%88%E0%B8%AD%E0%B9%80%E0%B8%95%E0%B8%A3%E0%B8%B5%E0%B8%A2%E0%B8%A1%E0%B8%A3%E0%B8%B1%E0%B8%9A%E0%B8%81%E0%B8%B2%E0%B8%A3%E0%B8%9B%E0%B8%A3%E0%B8%B0%E0%B9%80%E0%B8%A1%E0%B8%B4%E0%B8%99%E0%B8%84%E0%B8%B8%E0%B8%93%E0%B8%98%E0%B8%A3%E0%B8%A3%E0%B8%A1%E0%B9%81%E0%B8%A5%E0%B8%B0%E0%B8%84%E0%B8%A7%E0%B8%B2%E0%B8%A1%E0%B9%82%E0%B8%9B%E0%B8%A3%E0%B9%88%E0%B8%87%E0%B9%83%E0%B8%AA%E0%B9%83%E0%B8%99%E0%B8%81%E0%B8%B2%E0%B8%A3%E0%B8%94%E0%B8%B3%E0%B9%80%E0%B8%99%E0%B8%B4%E0%B8%99%E0%B8%87%E0%B8%B2%E0%B8%99%E0%B8%82%E0%B8%AD%E0%B8%87%E0%B8%AB%E0%B8%99%E0%B9%88%E0%B8%A7%E0%B8%A2%E0%B8%87%E0%B8%B2%E0%B8%99%E0%B8%A0%E0%B8%B2%E0%B8%84%E0%B8%A3%E0%B8%B1%E0%B8%90%20(Integrity%20and%20Transparency%20Assessment%20:%20ITA)%20%E0%B8%9B%E0%B8%A3%E0%B8%B0%E0%B8%88%E0%B8%B3%E0%B8%9B%E0%B8%B5%E0%B8%87%E0%B8%9A%E0%B8%9B%E0%B8%A3%E0%B8%B0%E0%B8%A1%E0%B8%B2%E0%B8%93%20%E0%B9%92%E0%B9%95%E0%B9%96%E0%B9%95'),
(284, 19, '1', '1.13 (ร่าง) ประกาศมหาวิทยาลัยราชภัฏวไลยอลงกรณ์ ในพระบรมราชูปถัมภ์ จังหวัดปทุมธานี เรื่อง วิธีคิดภาระงานของผู้ดำรงตำแหน่งอาจารย์ ผู้ช่วยศาสตราจารย์ รองศาสตราจารย์ และศาสตราจารย์  พ.ศ. ๒๕๖๔', '', 'http://mms.vru.ac.th/spa_class_detail.php?title=(%E0%B8%A3%E0%B9%88%E0%B8%B2%E0%B8%87)%20%E0%B8%9B%E0%B8%A3%E0%B8%B0%E0%B8%81%E0%B8%B2%E0%B8%A8%E0%B8%A1%E0%B8%AB%E0%B8%B2%E0%B8%A7%E0%B8%B4%E0%B8%97%E0%B8%A2%E0%B8%B2%E0%B8%A5%E0%B8%B1%E0%B8%A2%E0%B8%A3%E0%B8%B2%E0%B8%8A%E0%B8%A0%E0%B8%B1%E0%B8%8F%E0%B8%A7%E0%B9%84%E0%B8%A5%E0%B8%A2%E0%B8%AD%E0%B8%A5%E0%B8%87%E0%B8%81%E0%B8%A3%E0%B8%93%E0%B9%8C%20%E0%B9%83%E0%B8%99%E0%B8%9E%E0%B8%A3%E0%B8%B0%E0%B8%9A%E0%B8%A3%E0%B8%A1%E0%B8%A3%E0%B8%B2%E0%B8%8A%E0%B8%B9%E0%B8%9B%E0%B8%96%E0%B8%B1%E0%B8%A1%E0%B8%A0%E0%B9%8C%C2%A0%E0%B8%88%E0%B8%B1%E0%B8%87%E0%B8%AB%E0%B8%A7%E0%B8%B1%E0%B8%94%E0%B8%9B%E0%B8%97%E0%B8%B8%E0%B8%A1%E0%B8%98%E0%B8%B2%E0%B8%99%E0%B8%B5%20%E0%B9%80%E0%B8%A3%E0%B8%B7%E0%B9%88%E0%B8%AD%E0%B8%87%20%E0%B8%A7%E0%B8%B4%E0%B8%98%E0%B8%B5%E0%B8%84%E0%B8%B4%E0%B8%94%E0%B8%A0%E0%B8%B2%E0%B8%A3%E0%B8%B0%E0%B8%87%E0%B8%B2%E0%B8%99%E0%B8%82%E0%B8%AD%E0%B8%87%E0%B8%9C%E0%B8%B9%E0%B9%89%E0%B8%94%E0%B8%B3%E0%B8%A3%E0%B8%87%E0%B8%95%E0%B8%B3%E0%B9%81%E0%B8%AB%E0%B8%99%E0%B9%88%E0%B8%87%E0%B8%AD%E0%B8%B2%E0%B8%88%E0%B8%B2%E0%B8%A3%E0%B8%A2%E0%B9%8C%C2%A0%20%E0%B8%9C%E0%B8%B9%E0%B9%89%E0%B8%8A%E0%B9%88%E0%B8%A7%E0%B8%A2%E0%B8%A8%E0%B8%B2%E0%B8%AA%E0%B8%95%E0%B8%A3%E0%B8%B2%E0%B8%88%E0%B8%B2%E0%B8%A3%E0%B8%A2%E0%B9%8C%20%E0%B8%A3%E0%B8%AD%E0%B8%87%E0%B8%A8%E0%B8%B2%E0%B8%AA%E0%B8%95%E0%B8%A3%E0%B8%B2%E0%B8%88%E0%B8%B2%E0%B8%A3%E0%B8%A2%E0%B9%8C%20%E0%B9%81%E0%B8%A5%E0%B8%B0%E0%B8%A8%E0%B8%B2%E0%B8%AA%E0%B8%95%E0%B8%A3%E0%B8%B2%E0%B8%88%E0%B8%B2%E0%B8%A3%E0%B8%A2%E0%B9%8C%C2%A0%20%E0%B8%9E.%E0%B8%A8.%20%E0%B9%92%E0%B9%95%E0%B9%96%E0%B9%94'),
(285, 19, '1', '1.14  ขอปรับปรุงรายละเอียดตัวชี้วัดตามแผนกลยุทธ์', '', 'http://mms.vru.ac.th/kcfinder/upload_new/files/9_2564/5.9.pdf'),
(286, 19, '1', '1.15 (ร่าง) แผนกลยุทธ์ พ.ศ. ๒๕๖๕ – ๒๕๖๙ ของหน่วยงาน และแผนปฏิบัติการของหน่วยงาน ประจำปีงบประมาณ พ.ศ. ๒๕๖๕', '', 'http://mms.vru.ac.th/spa_class_detail.php?title=(%E0%B8%A3%E0%B9%88%E0%B8%B2%E0%B8%87)%20%E0%B9%81%E0%B8%9C%E0%B8%99%E0%B8%81%E0%B8%A5%E0%B8%A2%E0%B8%B8%E0%B8%97%E0%B8%98%E0%B9%8C%20%E0%B8%9E.%E0%B8%A8.%20%E0%B9%92%E0%B9%95%E0%B9%96%E0%B9%95%20%E2%80%93%20%E0%B9%92%E0%B9%95%E0%B9%96%E0%B9%99%20%E0%B8%82%E0%B8%AD%E0%B8%87%E0%B8%AB%E0%B8%99%E0%B9%88%E0%B8%A7%E0%B8%A2%E0%B8%87%E0%B8%B2%E0%B8%99%20%E0%B9%81%E0%B8%A5%E0%B8%B0%E0%B9%81%E0%B8%9C%E0%B8%99%E0%B8%9B%E0%B8%8F%E0%B8%B4%E0%B8%9A%E0%B8%B1%E0%B8%95%E0%B8%B4%E0%B8%81%E0%B8%B2%E0%B8%A3%C2%A0%E0%B8%82%E0%B8%AD%E0%B8%87%E0%B8%AB%E0%B8%99%E0%B9%88%E0%B8%A7%E0%B8%A2%E0%B8%87%E0%B8%B2%E0%B8%99%20%E0%B8%9B%E0%B8%A3%E0%B8%B0%E0%B8%88%E0%B8%B3%E0%B8%9B%E0%B8%B5%E0%B8%87%E0%B8%9A%E0%B8%9B%E0%B8%A3%E0%B8%B0%E0%B8%A1%E0%B8%B2%E0%B8%93%20%E0%B8%9E.%E0%B8%A8.%20%E0%B9%92%E0%B9%95%E0%B9%96%E0%B9%95'),
(287, 19, '4', '4.1 รายงาน VRU Project Monitoring', '741265650.pdf', ''),
(288, 19, '4', '4.2 แจ้งงบประมาณครุภัณฑ์ ปีงบประมาณ 2565', '268149382.pdf', ''),
(289, 19, '4', '4.3 แบบฟอร์มขอใช้ห้องปฏิบัติการทักษะกระบวนการทางวิทยาศาสตร์', '1343961345.pdf', ''),
(290, 19, '1', '1.16.1 ทำความรู้จักกับ-SDGs', '635481626.pdf', ''),
(291, 19, '1', '1.16.2 รายละเอียดของกิจกรรมการจัดทำสนทนากลุ่มแบบเจาะลึก', '1447551684.pdf', ''),
(292, 19, '1', '1.16.3 วิเคราะห์เชิงลึก SDGs', '741773632.pdf', ''),
(293, 18, '5', '5.1ขอจ้างอาจารย์พิเศษ ภาคเรียนที่ ๒/๒๕๖๔ สาขาวิชาหลักสูตรมาตรวิทยาอุตสาหกรรมและระบบคุณภาพ', '', 'https://drive.google.com/drive/folders/1yH-kNeTK91xw3BG01S2Z3butgPT2jopA?usp=sharing'),
(294, 19, '2', '2.1 รับรองรายงานการประชุม ครั้งที่ 8/2564 วันพุธที่ 25 สิงหาคม 2564', '1868913035.pdf', ''),
(295, 19, '3', '3.1 รายงานผลการดำเนินงาน Excellence Center และแผนการวิจัยหลักสูตร', '', '-'),
(296, 21, '2', 'วาระที่ 2.1รายงานการประชุมกรรมการวิชาการคณะ ครั้งที่ 8-2564', '1488500542.pdf', ''),
(297, 21, '5', 'วาระที่ 5.1 ขอปรับปรุงหลักสูตร (สมอ.08) สาขาวิชานวัตกรรมอาหารและเครื่องดื่มเพื่อสุขภาพ', '1407680994.pdf', ''),
(298, 20, '1', '1.1 การมอบโล่รางวัลนักวิจัยดีเด่น ประจำปี ๒๕๖๓', '', 'http://mms.vru.ac.th/kcfinder/upload_new/files/10_2564/4.1.pdf'),
(299, 20, '1', '1.2 รายงานผลการจัดอันดับ U-multirank ๒๐๒๑', '', 'http://mms.vru.ac.th/kcfinder/upload_new/files/10_2564/4.5.pdf'),
(308, 20, '1', '1.7รายงานผลการติดตาม ตรวจสอบ ประเมินผลงานมหาวิทยาลัย อธิการบดี และคณบดี  ประจำปีงบประมาณ พ.ศ. ๒๕๖๔ (ครั้งที่ ๑)  ', '', 'http://council.vru.ac.th/kcfinder/newupload/files/11.2564/vara%2041/%E0%B8%A3%E0%B8%B2%E0%B8%A2%E0%B8%87%E0%B8%B2%E0%B8%99%E0%B8%81%E0%B8%B2%E0%B8%A3%E0%B8%95%E0%B8%B4%E0%B8%94%E0%B8%95%E0%B8%B2%E0%B8%A1%E0%B8%AF.pdf'),
(301, 20, '1', '1.3  สรุปผลการประเมินคุณภาพตามเกณฑ์ EdPEx ประจำปีการศึกษา ๒๕๖๓', '', 'http://mms.vru.ac.th/kcfinder/upload_new/files/10_2564/4.6.pdf'),
(302, 20, '1', '1.4 รายงานการจัดกิจกรรมกองพัฒนานักศึกษา ประจำเดือนมิถุนายน – เดือนกันยายน พ.ศ. ๒๕๖๔', '', 'http://mms.vru.ac.th/kcfinder/upload_new/files/10_2564/4.7.pdf'),
(303, 20, '1', '1.5 (ร่าง) หลักสูตรระยะสั้น หลักสูตรจานโปรดคุณกำหนดได้ พ.ศ. ๒๕๖๔', '', 'http://mms.vru.ac.th/spa_class_detail.php?title=(%E0%B8%A3%E0%B9%88%E0%B8%B2%E0%B8%87)%20%E0%B8%AB%E0%B8%A5%E0%B8%B1%E0%B8%81%E0%B8%AA%E0%B8%B9%E0%B8%95%E0%B8%A3%E0%B8%A3%E0%B8%B0%E0%B8%A2%E0%B8%B0%E0%B8%AA%E0%B8%B1%E0%B9%89%E0%B8%99%20%E0%B8%AB%E0%B8%A5%E0%B8%B1%E0%B8%81%E0%B8%AA%E0%B8%B9%E0%B8%95%E0%B8%A3%E0%B8%88%E0%B8%B2%E0%B8%99%E0%B9%82%E0%B8%9B%E0%B8%A3%E0%B8%94%E0%B8%84%E0%B8%B8%E0%B8%93%E0%B8%81%E0%B8%B3%E0%B8%AB%E0%B8%99%E0%B8%94%E0%B9%84%E0%B8%94%E0%B9%89%20%E0%B8%9E.%E0%B8%A8.%20%E0%B9%92%E0%B9%95%E0%B9%96%E0%B9%94'),
(304, 20, '1', '1.6 ตราสัญลักษณ์ (Logo) ครบรอบ ๙๐ ปี มหาวิทยาลัยราชภัฏวไลยอลงกรณ์ ในพระบรมราชูปถัมภ์', '', 'http://mms.vru.ac.th/kcfinder/upload_new/files/10_2564/5.3.pdf'),
(311, 20, '1', '1.10 รายงานการปิดหลักสูตร  หลักสูตรวิทยาศาสตรบัณฑิต สาขาวิชาฟิสิกส์ประยุกต์ หลักสูตรใหม่ พ.ศ. ๒๕๖๐ โดยสมบูรณ์  ', '', 'http://council.vru.ac.th/kcfinder/newupload/files/11.2564/vara%2044/0%20%E0%B8%A3%E0%B8%B2%E0%B8%A2%E0%B8%87%E0%B8%B2%E0%B8%99%E0%B8%81%E0%B8%B2%E0%B8%A3%E0%B8%9B%E0%B8%B4%E0%B8%94%E0%B8%AB%E0%B8%A5%E0%B8%B1%E0%B8%81%E0%B8%AA%E0%B8%B9%E0%B8%95%E0%B8%A3.pdf'),
(310, 20, '1', '1.9 รายงานความก้าวหน้าการเบิกจ่ายงบประมาณทุนสนับสนุนการวิจัย (ข้อมูล ณ วันที่  ๓๑  สิงหาคม  ๒๕๖๔)', '', 'http://council.vru.ac.th/kcfinder/newupload/files/11.2564/vara%2043/0%20%E0%B8%A3%E0%B8%B2%E0%B8%A2%E0%B8%A5%E0%B8%B0%E0%B9%80%E0%B8%AD%E0%B8%B5%E0%B8%A2%E0%B8%94%204.3.pdf'),
(309, 20, '1', '1.8 รายงานการเงินของมหาวิทยาลัยประจำเดือนสิงหาคม  พ.ศ. ๒๕๖๔', '', 'http://council.vru.ac.th/admin/spa_class_detail.php?title=%E0%B9%94.%E0%B9%92%C2%A0%20%E0%B8%A3%E0%B8%B2%E0%B8%A2%E0%B8%87%E0%B8%B2%E0%B8%99%E0%B8%81%E0%B8%B2%E0%B8%A3%E0%B9%80%E0%B8%87%E0%B8%B4%E0%B8%99%E0%B8%82%E0%B8%AD%E0%B8%87%E0%B8%A1%E0%B8%AB%E0%B8%B2%E0%B8%A7%E0%B8%B4%E0%B8%97%E0%B8%A2%E0%B8%B2%E0%B8%A5%E0%B8%B1%E0%B8%A2%E0%B8%9B%E0%B8%A3%E0%B8%B0%E0%B8%88%E0%B8%B3%E0%B9%80%E0%B8%94%E0%B8%B7%E0%B8%AD%E0%B8%99%E0%B8%AA%E0%B8%B4%E0%B8%87%E0%B8%AB%E0%B8%B2%E0%B8%84%E0%B8%A1%C2%A0%20%E0%B8%9E.%E0%B8%A8.%20%E0%B9%92%E0%B9%95%E0%B9%96%E0%B9%94&spanum=11/2564'),
(312, 20, '1', '1.11 หลักสูตรปรับปรุงเล็กน้อย (สมอ. ๐๘) จำนวน  ๗  หลักสูตร', '', 'http://council.vru.ac.th/admin/spa_class_detail.php?title=%E0%B9%95.%E0%B9%93%20%C2%A0%E0%B8%AB%E0%B8%A5%E0%B8%B1%E0%B8%81%E0%B8%AA%E0%B8%B9%E0%B8%95%E0%B8%A3%E0%B8%9B%E0%B8%A3%E0%B8%B1%E0%B8%9A%E0%B8%9B%E0%B8%A3%E0%B8%B8%E0%B8%87%E0%B9%80%E0%B8%A5%E0%B9%87%E0%B8%81%E0%B8%99%E0%B9%89%E0%B8%AD%E0%B8%A2%20(%E0%B8%AA%E0%B8%A1%E0%B8%AD.%E0%B9%90%E0%B9%98)%20%E0%B8%88%E0%B8%B3%E0%B8%99%E0%B8%A7%E0%B8%99%20%C2%A0%E0%B9%97%C2%A0%20%E0%B8%AB%E0%B8%A5%E0%B8%B1%E0%B8%81%E0%B8%AA%E0%B8%B9%E0%B8%95%E0%B8%A3&spanum=11/2564'),
(313, 20, '1', '1.12 การอนุมัติอาจารย์พิเศษกรณีสอนมากกว่าร้อยละ  ๕๐  ', '', 'http://council.vru.ac.th/kcfinder/newupload/files/11.2564/vara%2054/0%20%E0%B8%AD%E0%B8%B2%E0%B8%88%E0%B8%B2%E0%B8%A3%E0%B8%A2%E0%B9%8C%E0%B8%9E%E0%B8%B4%E0%B9%80%E0%B8%A8%E0%B8%A9.pdf'),
(314, 20, '1', '1.13 (ร่าง)  หลักสูตรวิทยาศาสตรบัณฑิต  สาขาวิชาวิทยาการคอมพิวเตอร์ หลักสูตรปรับปรุง  พ.ศ. ๒๕๖๕ ', '', 'http://council.vru.ac.th/kcfinder/newupload/files/11.2564/vara%2057/0%20%E0%B8%A1%E0%B8%84%E0%B8%AD.2-%E0%B8%A7%E0%B8%97.%E0%B8%9A%E0%B8%A7%E0%B8%B4%E0%B8%97%E0%B8%A2%E0%B8%B2%E0%B8%81%E0%B8%B2%E0%B8%A3%E0%B8%84%E0%B8%AD%E0%B8%A1%E0%B8%9E%E0%B8%B4%E0%B8%A7%E0%B9%80%E0%B8%95%E0%B8%AD%E0%B8%A3%E0%B9%8C-%E0%B8%9B%E0%B8%9B.2565.pdf'),
(315, 20, '1', '1.14 (ร่าง)  หลักสูตรวิทยาศาสตรบัณฑิต  สาขาวิชาเทคโนโลยีสารสนเทศ  หลักสูตรปรับปรุง  พ.ศ. ๒๕๖๕ ', '', 'http://council.vru.ac.th/kcfinder/newupload/files/11.2564/vara%2058/0%20%E0%B8%A1%E0%B8%84%E0%B8%AD.2-%E0%B8%A7%E0%B8%97.%E0%B8%9A.%E0%B9%80%E0%B8%97%E0%B8%84%E0%B9%82%E0%B8%99%E0%B9%82%E0%B8%A5%E0%B8%A2%E0%B8%B5%E0%B8%AA%E0%B8%B2%E0%B8%A3%E0%B8%AA%E0%B8%99%E0%B9%80%E0%B8%97%E0%B8%A8-%E0%B8%9B%E0%B8%9B.2565-1.pdf'),
(316, 20, '1', '1.15  เงื่อนไขและแบบฟอร์มขออนุมัติกิจกรรม งบประมาณ 2565', '1542204325.pdf', ''),
(317, 20, '5', '5.1 แผนวิจัยหลักสูตรนวัตกรรมอาหารและเครื่องดื่มเพื่อสุขภาพ', '238181325.pdf', ''),
(318, 20, '1', '1.16 แจ้งประกาศ วิธีคิดภาระงาน (ฉ.3) พ.ศ.2564', '1113034985.pdf', ''),
(319, 20, '1', '1.17 รายงานการประชุมคณะกรรมการขับเคลื่อน', '291480886.pdf', ''),
(320, 20, '1', '1.18  เงื่อนไขและแบบฟอร์มขออนุมัติกิจกรรม งบประมาณ 2565', '1874912290.pdf', ''),
(321, 20, '2', '2.1รับรองรายงานการประชุม ครั้งที่ 9/2564 วันพฤหัสบดีที่ 16 กันยายน 2564', '1125144005.pdf', ''),
(322, 20, '5', '5.2 แผนพัฒนาคุณภาพ (Improvement plan) ระดับคณะ', '1474410632.pdf', ''),
(324, 20, '6', '6.1 ขอความอนุเคราะห์ข้อมูล', '2115588644.pdf', ''),
(325, 21, '6', '6.1 ขอความอนุเคราะห์ข้อมูล', '661358581.pdf', ''),
(326, 22, '1', '1.1 การเตรียมความพร้อมในการเป็นมหาวิทยาลัยในกำกับของรัฐ กรณีศึกษา มหาวิทยาลัยเทคโนโลยีราชมงคลธัญบุรี', '', 'http://mms.vru.ac.th/kcfinder/upload_new/files/11_2564/4.1-1.pdf'),
(327, 22, '1', '1.2 จำนวนบุคลากรและนักศึกษาที่ได้รับวัคซีนโควิด ๑๙', '', 'http://mms.vru.ac.th/kcfinder/upload_new/files/11_2564/4.6.pdf'),
(328, 22, '1', '1.3 รายงานผลการประเมินคุณภาพการศึกษา  ตามเกณฑ์คุณภาพการศึกษาเพื่อการดำเนินการที่เป็นเลิศ (EdPEx)  ประจำปีการศึกษา  2563', '', 'http://council.vru.ac.th/kcfinder/newupload/files/12.2564/vara%2043/0%20%E0%B8%A3%E0%B8%B2%E0%B8%A2%E0%B8%A5%E0%B8%B0%E0%B9%80%E0%B8%AD%E0%B8%B5%E0%B8%A2%E0%B8%94.pdf'),
(329, 22, '1', '1.4 การอนุมัติอาจารย์พิเศษกรณีสอนมากกว่าร้อยละ  50', '', 'http://council.vru.ac.th/kcfinder/newupload/files/12.2564/vara%2054/00%20%E0%B8%AD.%E0%B8%9E%E0%B8%B4%E0%B9%80%E0%B8%A8%E0%B8%A9%20(2).pdf'),
(330, 22, '1', '1.5 (ร่าง) ประกาศมหาวิทยาลัยราชภัฏวไลยอลงกรณ์ ในพระบรมราชูปถัมภ์ จังหวัดปทุมธานี เรื่อง กำหนดตำแหน่งและค่าตอบแทนสำหรับตำแหน่งที่มีเหตุพิเศษของพนักงานมหาวิทยาลัยสายวิชาการ  พ.ศ....', '', 'http://council.vru.ac.th/kcfinder/newupload/files/12.2564/vara%2058/00%20%E0%B8%A3%E0%B8%B2%E0%B8%A2%E0%B8%A5%E0%B8%B0%E0%B9%80%E0%B8%AD%E0%B8%B5%E0%B8%A2%E0%B8%94%205.8.pdf'),
(331, 22, '2', '2.1 รับรองรายงานการประชุม ครั้งที่ 10/2564 วันจันทร์ที่ 18 ตุลาคม 2564', '197130595.pdf', ''),
(332, 23, '5', '5.1 ขอเปลี่ยนแปลงคะแนนสอบปลายภาค อ.เศรษฐพงศ์ ', '833996736.pdf', ''),
(335, 23, '2', '2.1 รับบรองรายงานการประชุมคณะกรรมการวิชาการครั้งที่ 9-2564', '1418632203.pdf', ''),
(333, 23, '5', '5.2 ขอเปลี่ยนแปลงผลการเรียนรายวิชาฟิสิกส์ 2 ผศ.วรายุทธ', '2011342996.pdf', ''),
(334, 23, '1', '1.1 การจัดสรรงบประมาณโครงการพัฒนาสมรรถนะภาษาอังกฤษ ประจำปีงบประมาณ 2565  ', '', '-'),
(336, 23, '5', '5.3 ขอเปลี่ยนแปลงผลการเรียน อ.ดร.สุวิมล', '2114301493.pdf', ''),
(337, 23, '5', '5.4 ขอเปลี่ยนแปลงผลการเรียน ผศ.ดร.เยาวภา', '514607982.pdf', ''),
(338, 23, '5', '5.5 แผนการดำเนินงานหลักสูตรระยะสั้น หลักสูตรเทคโนโลยีสารสนเทศ', '92711427.pdf', ''),
(339, 23, '1', '1.2 ประชาสัมพันธ์รับนักเรียน/นักศึกษาฝึกงาน', '1634571379.pdf', '');

-- --------------------------------------------------------

--
-- Table structure for table `report_title`
--

CREATE TABLE `report_title` (
  `id_title` int(11) NOT NULL,
  `report_time` tinyint(4) NOT NULL,
  `year` int(11) NOT NULL,
  `location` text COLLATE utf8_unicode_ci NOT NULL,
  `report_date` date NOT NULL,
  `report_type` tinyint(4) NOT NULL,
  `code_u` int(11) NOT NULL
) ENGINE=MyISAM DEFAULT CHARSET=utf8 COLLATE=utf8_unicode_ci COMMENT='หัวข้อวาระการประชุม';

--
-- Dumping data for table `report_title`
--

INSERT INTO `report_title` (`id_title`, `report_time`, `year`, `location`, `report_date`, `report_type`, `code_u`) VALUES
(1, 1, 2564, 'ห้องประชุมราชพฤกษ์', '2564-01-20', 2, 0),
(2, 1, 2564, 'ห้องประชุมราชพฤกษ์', '2564-01-20', 1, 0),
(3, 2, 2564, 'ห้องประชุมราชพฤกษ์', '2021-01-27', 2, 0),
(4, 3, 2564, 'ห้องประชุมราชพฤกษ์', '2564-02-18', 2, 0),
(5, 2, 2564, 'ห้องประชุมราชพฤกษ์', '2564-02-18', 1, 0),
(6, 3, 2564, 'ห้องประชุมราชพฤกษ์', '2564-04-01', 1, 0),
(7, 4, 2564, 'ห้องประชุมราชพฤกษ์', '2564-04-01', 2, 0),
(9, 4, 2564, 'คณะวิทยาศาสตร์และเทคโนโลยี', '2564-05-03', 1, 0),
(10, 5, 2564, 'คณะวิทยาศาสตร์และเทคโนโลยี', '2564-04-07', 2, 0),
(11, 4, 2564, 'ห้องประชุมราชพฤกษ์ คณะวิทยาศาสตร์และเทคโนโลยี', '2564-05-19', 3, 0),
(12, 5, 2564, 'ห้องประชุมราชพฤกษ์ คณะวิทยาศาสตร์และเทคโนโลยี', '2564-06-23', 1, 0),
(13, 6, 2564, 'ห้องประชุมราชพฤกษ์ คณะวิทยาศาสตร์และเทคโนโลยี', '2564-06-23', 2, 0),
(14, 7, 2564, 'ออนไลน์', '2564-07-21', 2, 0),
(15, 6, 2564, 'ออนไลน์', '2564-07-21', 1, 0),
(16, 8, 2564, '', '2564-08-25', 2, 0),
(17, 7, 2564, '', '2564-08-25', 1, 0),
(18, 8, 2564, '', '2564-09-16', 1, 0),
(19, 9, 2564, '', '2564-09-16', 2, 0),
(20, 10, 2564, '', '2564-10-18', 2, 0),
(21, 9, 2564, '', '2564-10-18', 1, 0),
(22, 11, 2564, 'ห้องประชุมการเวก ชั้น 3', '2564-11-22', 2, 0),
(23, 10, 2564, 'ห้องประชุมการเวก ชั้น 3', '2564-11-22', 1, 0);

-- --------------------------------------------------------

--
-- Table structure for table `tb_banner`
--

CREATE TABLE `tb_banner` (
  `id_ban` int(11) NOT NULL COMMENT 'รหัสbanner',
  `name_ban` text NOT NULL COMMENT 'ชื่อbanner',
  `major_ban` text NOT NULL,
  `title_ban` text NOT NULL COMMENT 'หัวข้อbanner',
  `detail_ban` text NOT NULL COMMENT 'รายละเอียดbanner',
  `link_ban` text NOT NULL,
  `status_ban` enum('true','false') NOT NULL,
  `create_at` date NOT NULL,
  `update_at` date NOT NULL
) ENGINE=InnoDB DEFAULT CHARSET=utf8;

-- --------------------------------------------------------

--
-- Table structure for table `tb_ex`
--

CREATE TABLE `tb_ex` (
  `id_ex` int(11) NOT NULL,
  `id_per` text NOT NULL,
  `position_ex` text NOT NULL,
  `major_ex` text NOT NULL,
  `std_ex` date NOT NULL,
  `end_ex` date NOT NULL,
  `now_ex` text NOT NULL,
  `file_ex` text,
  `status` enum('true','false') NOT NULL
) ENGINE=MyISAM DEFAULT CHARSET=utf8;

--
-- Dumping data for table `tb_ex`
--

INSERT INTO `tb_ex` (`id_ex`, `id_per`, `position_ex`, `major_ex`, `std_ex`, `end_ex`, `now_ex`, `file_ex`, `status`) VALUES
(34, '3100903239705', '7', 'SET', '0000-00-00', '0000-00-00', 'NOW', NULL, ''),
(162, '1101500341018', '0', 'OHS', '0000-00-00', '0000-00-00', 'NOW', '', ''),
(32, '3709700091731', '7', 'BIOT', '0000-00-00', '0000-00-00', 'NOW', NULL, ''),
(29, '1710900115469', '7', 'PHYS', '0000-00-00', '0000-00-00', 'NOW', NULL, ''),
(165, '3920600450763', '7', 'OHS', '0000-00-00', '0000-00-00', 'NOW', '', ''),
(27, '3311300027098', '7', 'CS', '0000-00-00', '0000-00-00', 'NOW', NULL, ''),
(25, '1600100231597', '7', 'MATH', '0000-00-00', '0000-00-00', 'NOW', NULL, ''),
(24, '3130200168057', '7', 'DISE', '0000-00-00', '0000-00-00', 'NOW', NULL, ''),
(39, '3920600450763', '4', 'OF', '0000-00-00', '0000-00-00', 'NOW', NULL, ''),
(22, '1369900002828', '4', 'OF', '0000-00-00', '0000-00-00', 'NOW', NULL, ''),
(21, '1179900123082', '4', 'OF', '0000-00-00', '0000-00-00', 'NOW', NULL, ''),
(20, '3349900674911', '2', 'OF', '0000-00-00', '0000-00-00', 'NOW', '', ''),
(19, '3100202592824', '2', 'OF', '0000-00-00', '0000-00-00', 'NOW', '', ''),
(17, '5100599006251', '1', 'OF', '2018-09-23', '0000-00-00', 'NOW', '', ''),
(16, '3410100150854', '8', 'OF', '2018-09-23', '0000-00-00', 'NOW', '', ''),
(15, '3140600022033', '2', 'OF', '2018-09-23', '0000-00-00', 'NOW', '', ''),
(14, '3150600360621', '4', 'OF', '2018-09-23', '0000-00-00', 'NOW', '', ''),
(13, '3101500329537', '4', 'OF', '2018-09-23', '0000-00-00', 'NOW', '3101500329537_4_OF_2018-09-23.pdf', ''),
(42, '3149900304156', '3', 'SID', '0000-00-00', '0000-00-00', '', '', ''),
(44, '3250400106950', '0', 'SET', '0000-00-00', '0000-00-00', '', '', ''),
(47, '3440300030186', '0', 'OF', '0000-00-00', '0000-00-00', '', '', ''),
(49, '3579900092546', '0', 'CS', '0000-00-00', '0000-00-00', '', '', ''),
(50, '3260100611578', '0', 'MATH', '0000-00-00', '0000-00-00', '', '', ''),
(52, '1100800183051', '0', 'MATH', '0000-00-00', '0000-00-00', '', '', ''),
(53, '1103700751611', '0', 'OF', '0000-00-00', '0000-00-00', '', '', ''),
(54, '3302000208721', '0', 'MATH', '0000-00-00', '0000-00-00', '', '', ''),
(55, '3102101538303', '0', 'MATH', '0000-00-00', '0000-00-00', '', '', ''),
(56, '3700800033548', '0', 'CS', '0000-00-00', '0000-00-00', '', '', ''),
(57, '1539900058066', '0', 'IMQ', '0000-00-00', '0000-00-00', '', '', ''),
(59, '1149900051286', '0', 'MATH', '0000-00-00', '0000-00-00', '', '', ''),
(60, '1120600023599', '0', 'CS', '0000-00-00', '0000-00-00', '', '', ''),
(61, '3610600330281', '0', 'OF', '0000-00-00', '0000-00-00', '', '', ''),
(62, '1160100183384', '0', 'MATH', '0000-00-00', '0000-00-00', '', '', ''),
(63, '1549900123305', '0', 'MATH', '0000-00-00', '0000-00-00', '', '', ''),
(64, '3110300254826', '11', 'SET', '0000-00-00', '0000-00-00', '', '', ''),
(66, '3720700556301', '0', 'CHEM', '0000-00-00', '0000-00-00', '', '', ''),
(67, '3130100357885', '0', 'CHEM', '0000-00-00', '0000-00-00', '', '', ''),
(68, '3100500700480', '0', 'CHEM', '0000-00-00', '0000-00-00', '', '', ''),
(69, '1959900318838', '0', 'HE', '0000-00-00', '0000-00-00', '', '', ''),
(70, '1309900171662', '0', 'CHEM', '0000-00-00', '0000-00-00', '', '', ''),
(72, '1679900372771', '0', 'OF', '0000-00-00', '0000-00-00', '', '', ''),
(73, '1719900256176', '0', 'OHS', '0000-00-00', '0000-00-00', '', '', ''),
(74, '3451100630199', '0', 'SET', '0000-00-00', '0000-00-00', '', '', ''),
(75, '1720200064951', '0', 'OHS', '0000-00-00', '0000-00-00', '', '', ''),
(78, '1710500008771', '0', 'SET', '0000-00-00', '0000-00-00', '', '', ''),
(80, '1539900310938', '0', 'DMPM', '0000-00-00', '0000-00-00', '', '', ''),
(81, '3200200035358', '0', 'MATH', '0000-00-00', '0000-00-00', '', '', ''),
(82, '1101401142823', '0', 'MATH', '0000-00-00', '0000-00-00', '', '', ''),
(84, '3409900842198', '0', 'IMQ', '0000-00-00', '0000-00-00', '', '', ''),
(85, '1929900158032', '0', 'NU', '0000-00-00', '0000-00-00', '', '', ''),
(86, '3170500118845', '0', 'NU', '0000-00-00', '0000-00-00', '', '', ''),
(87, '1929900130391', '0', 'NU', '0000-00-00', '0000-00-00', '', '', ''),
(88, '2809900030477', '0', 'NU', '0000-00-00', '0000-00-00', '', '', ''),
(89, '1449900136939', '0', 'NU', '0000-00-00', '0000-00-00', '', '', ''),
(90, '1139900075746', '0', 'SET', '0000-00-00', '0000-00-00', '', '', ''),
(177, '3710500312590', '0', 'PHYS', '0000-00-00', '0000-00-00', 'NOW', '', ''),
(93, '3450900261236', '0', 'PHYS', '0000-00-00', '0000-00-00', '', '', ''),
(172, '1200100174872', '0', 'HE', '0000-00-00', '0000-00-00', 'NOW', '', ''),
(96, '1309900760323', '0', 'OHS', '0000-00-00', '0000-00-00', '', '', ''),
(99, '3409900903880', '0', 'BIOT', '0000-00-00', '0000-00-00', '', '', ''),
(100, '1459900006890', '0', 'BIOT', '0000-00-00', '0000-00-00', '', '', ''),
(102, '3120100701225', '0', 'SET', '0000-00-00', '0000-00-00', '', '', ''),
(103, '3300600258132', '0', 'SET', '0000-00-00', '0000-00-00', '', '', ''),
(104, '3729900217690', '0', 'SET', '0000-00-00', '0000-00-00', '', '', ''),
(106, '1449900010650', '0', 'OHS', '0000-00-00', '0000-00-00', '', '', ''),
(175, '3100502695491', '0', 'NU', '0000-00-00', '0000-00-00', 'NOW', '', ''),
(108, '1409900093539', '0', 'NU', '0000-00-00', '0000-00-00', '', '', ''),
(168, '1450300045683', '7', 'FB', '0000-00-00', '0000-00-00', 'NOW', '', ''),
(110, '3419900264291', '11', 'IT', '0000-00-00', '0000-00-00', '', '', ''),
(111, '3129900357918', '3', 'IT', '0000-00-00', '0000-00-00', '', '', ''),
(112, '3140100311478', '5', 'IT', '0000-00-00', '0000-00-00', '', '', ''),
(113, '3410400687837', '0', 'IT', '0000-00-00', '0000-00-00', '', '', ''),
(114, '3130200214318', '0', 'IT', '0000-00-00', '0000-00-00', '', '', ''),
(115, '3170600520530', '0', 'IT', '0000-00-00', '0000-00-00', '', '', ''),
(118, '3100501079576', '0', 'HE', '0000-00-00', '0000-00-00', '', '', ''),
(119, '3300100003381', '0', 'HE', '0000-00-00', '0000-00-00', '', '', ''),
(158, '3309901695025', '7', 'HE', '0000-00-00', '0000-00-00', 'NOW', '', ''),
(169, '3120100575017', '0', 'CHEM', '0000-00-00', '0000-00-00', 'NOW', '', ''),
(124, '3770400048165', '0', 'DMPM', '0000-00-00', '0000-00-00', '', '', ''),
(125, '1459900206139', '0', 'FB', '0000-00-00', '0000-00-00', '', '', ''),
(126, '1820500071463', '0', 'DMPM', '0000-00-00', '0000-00-00', '', '', ''),
(129, '3309901150827', '0', 'DISE', '0000-00-00', '0000-00-00', '', '', ''),
(130, '3550400231018', '0', 'DISE', '0000-00-00', '0000-00-00', '', '', ''),
(132, '3329900151790', '0', 'CS', '0000-00-00', '0000-00-00', '', '', ''),
(133, '3110400093981', '0', 'CS', '0000-00-00', '0000-00-00', '', '', ''),
(134, '1100800382274', '0', 'CS', '0000-00-00', '0000-00-00', '', '', ''),
(135, '1101400783442', '0', 'CS', '0000-00-00', '0000-00-00', '', '', ''),
(136, '1539900061067', '0', 'CHEM', '0000-00-00', '0000-00-00', '', '', ''),
(137, '3160100811624', '0', 'BIOT', '0000-00-00', '0000-00-00', '', '', ''),
(138, '3419900655649', '11', 'BIOT', '0000-00-00', '0000-00-00', '', '', ''),
(139, '3169900213347', '0', 'BIOT', '0000-00-00', '0000-00-00', '', '', ''),
(140, '3440500097012', '0', 'PHYS', '0000-00-00', '0000-00-00', '', '', ''),
(141, '3260300110912', '0', 'SCC', '0000-00-00', '0000-00-00', '', '', ''),
(142, '3130700369515', '0', 'IT', '0000-00-00', '0000-00-00', '', '', ''),
(143, '3720400688253', '0', 'OF', '0000-00-00', '0000-00-00', '', '', ''),
(144, '3130700278021', '0', 'BIOT', '0000-00-00', '0000-00-00', '', '', ''),
(145, '3141100278811', '0', 'OF', '0000-00-00', '0000-00-00', '', '', ''),
(146, '3141100068361', '0', 'OF', '0000-00-00', '0000-00-00', '', '', ''),
(147, '3320100725906', '0', 'SCC', '0000-00-00', '0000-00-00', '', '', ''),
(148, '3140400275230', '0', 'OHS', '0000-00-00', '0000-00-00', '', '', ''),
(149, '3302001003228', '0', 'OF', '0000-00-00', '0000-00-00', '', '', ''),
(150, '1199900168612', '0', 'SCC', '0000-00-00', '0000-00-00', '', '', ''),
(151, '1619900094991', '0', 'SCC', '0000-00-00', '0000-00-00', '', '', ''),
(152, '1251100015996', '0', 'SCC', '0000-00-00', '0000-00-00', '', '', ''),
(153, '1350300071103', '0', 'CS', '0000-00-00', '0000-00-00', '', '', ''),
(176, '3640600059854', '0', 'PHYS', '0000-00-00', '0000-00-00', 'NOW', '', ''),
(155, '1102000357111', '0', 'SCC', '0000-00-00', '0000-00-00', '', '', ''),
(156, '1149900399444', '0', 'OF', '0000-00-00', '0000-00-00', '', '', ''),
(160, '3101100236116', '0', 'HE', '0000-00-00', '0000-00-00', '', '', ''),
(35, '1720900148405', '7', 'NU', '0000-00-00', '0000-00-00', 'NOW', NULL, ''),
(36, '3170600234367', '7', 'SID', '0000-00-00', '0000-00-00', 'NOW', NULL, ''),
(37, '3850400100859', '7', 'IMQ', '0000-00-00', '0000-00-00', 'NOW', NULL, ''),
(38, '3150600617177', '7', 'CHEM', '0000-00-00', '0000-00-00', 'NOW', NULL, ''),
(40, '1710900115469', '4', 'OF', '0000-00-00', '0000-00-00', 'NOW', NULL, ''),
(159, '3101500329537', '7', 'IT', '0000-00-00', '0000-00-00', 'NOW', '', ''),
(161, '3729800042049', '0', 'DISE', '0000-00-00', '0000-00-00', '', '', ''),
(164, '3190600113853', '7', 'DMPM', '0000-00-00', '0000-00-00', 'NOW', '', ''),
(170, '3240500088627', '0', 'MATH', '0000-00-00', '0000-00-00', 'NOW', '', ''),
(171, '3141600083157', '0', 'IT', '0000-00-00', '0000-00-00', 'NOW', '', ''),
(173, '3130600001621', '0', 'DMPM', '0000-00-00', '0000-00-00', 'NOW', '', ''),
(174, '3539900140061', '0', 'FB', '0000-00-00', '0000-00-00', 'NOW', '', '');

-- --------------------------------------------------------

--
-- Table structure for table `tb_files`
--

CREATE TABLE `tb_files` (
  `id_files` int(11) NOT NULL,
  `name_files` text NOT NULL,
  `link_files` varchar(255) NOT NULL,
  `title_files` varchar(255) NOT NULL,
  `type_files` varchar(255) NOT NULL,
  `status_files` enum('true','false') NOT NULL
) ENGINE=InnoDB DEFAULT CHARSET=utf8;

-- --------------------------------------------------------

--
-- Table structure for table `tb_gf`
--

CREATE TABLE `tb_gf` (
  `id_gf` int(11) NOT NULL,
  `title_gf` varchar(255) NOT NULL,
  `link_gf` varchar(255) NOT NULL,
  `file_gf` varchar(255) NOT NULL,
  `type_gf` tinyint(4) NOT NULL,
  `status_gf` enum('true','false') NOT NULL,
  `create_at` date NOT NULL,
  `update_at` date NOT NULL
) ENGINE=InnoDB DEFAULT CHARSET=utf8 COMMENT='GreenOffice';

-- --------------------------------------------------------

--
-- Table structure for table `tb_major`
--

CREATE TABLE `tb_major` (
  `id_major` int(11) NOT NULL,
  `nameth_major` text NOT NULL,
  `nameen_major` text NOT NULL,
  `int_major` text NOT NULL,
  `link_major` text NOT NULL,
  `status_major` enum('true','false') NOT NULL,
  `create_at` date NOT NULL,
  `update_at` date NOT NULL
) ENGINE=InnoDB DEFAULT CHARSET=utf8;

--
-- Dumping data for table `tb_major`
--

INSERT INTO `tb_major` (`id_major`, `nameth_major`, `nameen_major`, `int_major`, `link_major`, `status_major`, `create_at`, `update_at`) VALUES
(1, 'สำนักงานคณบดี', 'Dean is Office', 'OF', 'http://sci.vru.ac.th', 'true', '2021-12-20', '2021-12-20'),
(2, 'เทคโนโลยีสารสนเทศ', 'Information Technology', 'IT', 'http://comit.vru.ac.th', 'true', '2021-12-20', '2021-12-20'),
(3, 'วิทยาศาสตร์และเทคโนโลยีสิ่งแวดล้อม', 'Environmental Science and Technology', 'SET', 'http://set.vru.ac.th', 'true', '2021-12-20', '2021-12-20'),
(4, 'เคมี (กำลังปรับปรุงหลักสูตร)', 'Chemistry', 'CHEM', 'http://chem.vru.ac.th', 'true', '2021-12-20', '2021-12-20'),
(5, 'คหกรรมศาสตร์', 'Home Economics', 'HE', 'http://he.vru.ac.th', 'true', '2021-12-20', '2021-12-20'),
(6, 'นวัตกรรมดิจิทัลและวิศวกรรมซอฟต์แวร์', 'Digital Innovation and  Software Engineering', 'DISE', 'http://dise.vru.ac.th/', 'true', '2021-12-20', '2021-12-20'),
(7, 'โภชนาการและการกำหนดอาหาร', 'Nutrition and Dietetics', 'NU', 'http://nu.vru.ac.th', 'true', '2021-12-20', '2021-12-20'),
(8, 'การจัดการภัยพิบัติและบรรเทาสาธารณภัย', 'Disaster Management and Public Hazard Mitigation', 'DMPM', 'http://dmpm.vru.ac.th', 'true', '2021-12-20', '2021-12-20'),
(9, 'คณิตศาสตร์ประยุกต์ (กำลังปรับปรุงหลักสูตร)', 'Applied Mathemathics', 'MATH', 'http://math.vru.ac.th', 'true', '2021-12-20', '2021-12-20'),
(10, 'อาชีวอนามัยและความปลอดภัย', 'Occupational Health and Safety', 'OHS', 'http://ohs.vru.ac.th', 'true', '2021-12-20', '2021-12-20'),
(11, 'วิทยาการคอมพิวเตอร์ ', 'Computer Science', 'CS', 'http://cs.vru.ac.th', 'true', '2021-12-20', '2021-12-20'),
(12, 'นวัตกรรมอาหารและเครื่องดื่มเพื่อสุขภาพ', 'Food and Beverage  Innovation for Health', 'FB', 'http://fb.vru.ac.th', 'true', '2021-12-20', '2021-12-20'),
(13, 'นวัตกรรมชีวผลิตภัณฑ์', 'Bachelor of Science Program in Bioproducts Innovation ', 'BIOT', 'http://biot.vru.ac.th', 'true', '2021-12-20', '2021-12-20'),
(14, 'มาตรวิทยาอุตสาหกรรมและระบบคุณภาพ', 'Industrial Metrology and Quality System', 'IMQ', 'http://imq.vru.ac.th', 'true', '2021-12-20', '2021-12-20'),
(15, 'ศูนย์วิทยาศาสตร์', 'Science Center', 'SCC', 'http://scc.vru.ac.th', 'true', '2021-12-20', '2021-12-20'),
(16, 'ฟิสิกส์ประยุกต์ (กำลังปรับปรุงหลักสูตร)', 'Applied Physics', 'PHYS', 'http://phys.vru.ac.th', 'true', '2021-12-20', '2021-12-20'),
(17, 'คณะวิทยาศาสตร์และเทคโนโลยี (สำหรับ อ. ที่ไม่ได้เป็นผู้รับผิดชอบหลักสูตรของคณะ)', 'Sciecne and Technology', '9_SCI', '#', 'false', '2021-12-20', '2021-12-20'),
(18, 'วิทยาศาสตร์และนวัตกรรมเพื่อการพัฒนา', 'Science and Innovation', 'SID', '#', 'true', '2021-12-20', '2021-12-20');

-- --------------------------------------------------------

--
-- Table structure for table `tb_news`
--

CREATE TABLE `tb_news` (
  `id_news` int(11) NOT NULL,
  `type_news` text NOT NULL,
  `major_news` varchar(255) NOT NULL,
  `title_news` varchar(255) NOT NULL,
  `name_news` varchar(255) NOT NULL,
  `link_news` varchar(255) NOT NULL,
  `img_news` varchar(255) NOT NULL,
  `status_news` enum('true','false') NOT NULL,
  `date_news` date NOT NULL,
  `create_at` date NOT NULL,
  `update_at` date NOT NULL
) ENGINE=InnoDB DEFAULT CHARSET=utf8;

-- --------------------------------------------------------

--
-- Table structure for table `tb_per`
--

CREATE TABLE `tb_per` (
  `id_per` int(11) NOT NULL COMMENT 'รหัสพนักงาน',
  `user_per` varchar(255) NOT NULL COMMENT 'ชื่อผู้ใช้งาน',
  `pass_per` varchar(255) NOT NULL COMMENT 'รหัสผู้ใช้งาน',
  `idcard_per` varchar(20) NOT NULL COMMENT 'รหัสประจำประชาชน',
  `tname2_per` text NOT NULL COMMENT 'อ. ผศ. รศ. ศ.',
  `tname1_per` text NOT NULL COMMENT 'ดร.',
  `tname_per` text NOT NULL COMMENT 'คำนำหน้าชื่อ',
  `fnamet_per` text NOT NULL COMMENT 'ชื่อไทยพนักงาน',
  `lnamet_per` text NOT NULL COMMENT 'นามสกุลพนักงาน',
  `fnamee_per` text NOT NULL COMMENT 'ชื่ออังกฤษพนักงาน',
  `lnamee_per` text NOT NULL COMMENT 'นามสกุลอังกฤษพนักงาน',
  `bdate_per` date NOT NULL COMMENT 'วันเกิด',
  `phone_per` text NOT NULL COMMENT 'เบอร์โทร',
  `email_per` text NOT NULL COMMENT 'อีเมล์',
  `img_per` text NOT NULL COMMENT 'รูปภาพพนักงาน',
  `dates_per` date NOT NULL COMMENT 'วันที่บันทึก',
  `type_per` int(2) NOT NULL COMMENT 'ประเภท',
  `major_per` text NOT NULL COMMENT 'สังกัด',
  `status_per` enum('true','false') NOT NULL
) ENGINE=InnoDB DEFAULT CHARSET=utf8;

--
-- Dumping data for table `tb_per`
--

INSERT INTO `tb_per` (`id_per`, `user_per`, `pass_per`, `idcard_per`, `tname2_per`, `tname1_per`, `tname_per`, `fnamet_per`, `lnamet_per`, `fnamee_per`, `lnamee_per`, `bdate_per`, `phone_per`, `email_per`, `img_per`, `dates_per`, `type_per`, `major_per`, `status_per`) VALUES
(17, '3150600360621', '$2y$10$8DJoAzts1HTO4qikz6jRDe1Qsqo8KBVUpQeIcsPenVjNf/gBpDUYG', '3150600360621', 'ผศ.', '', 'นาง', 'ไพรินทร์', 'มีศรี', 'Phairin', 'Meesri', '1978-09-22', '', 'phairin@vru.ac.th', '3150600360621.JPG..', '2021-12-29', 1, 'OF', 'true'),
(18, '3440300030186', '$2y$10$4qXAweRhWjMAX7rwOJbJ8.9sxrk3epFAkFKZx3wizYjuWkhx93xtS', '3440300030186', '', '', 'นางสาว', 'พัสตราภรณ์ ', 'แสงปัญญา', '', '', '1982-04-21', '', '', '3440300030186.JPG.', '2021-12-29', 2, 'OF', 'true'),
(24, '3140600022033', '$2y$10$KHY9HjOEOuNhzbdt/7I1peORa6E7AaSqbm/rdeGFMAq/EbF.loUI6', '3140600022033', 'อ.', '', 'นาง', 'มัชฌกานต์  ', 'เผ่าสวัสดิ์', 'matchakan', 'phaosawad', '1973-03-09', '0898193666', 'matchakan@vru.ac.th', '3140600022033.JPG.', '2021-12-29', 1, 'OF', 'true'),
(26, '3260100611578', '$2y$10$zjwuL2f0AtRPBAl58lncMu.Gbhl9RsvL.USc1V886zPrAUq8ny8rm', '3260100611578', 'อ.', '', 'นางสาว', 'สิโรรัตน์', 'จั่นงาม', 'Sirorath', 'Channgam', '1976-11-16', '', 'sirorath@vru.ac.th', '3260100611578.JPG.', '2021-12-29', 1, 'OF', 'true'),
(27, '1600100231597', '1987-04-05', '1600100231597', 'อ.', '', 'นางสาว', 'จุฑารัตน์ ', 'โพธิ์หลวง', 'JUTARAT', 'PHOLUANG', '1987-04-05', '', 'jutarat@vru.ac.th', '1600100231597.JPG', '2019-09-24', 1, 'MATH', 'true'),
(28, '1100800183051', '1985-09-27', '1100800183051', 'อ.', 'ดร.', 'นางสาว', 'ณัฐกาญจน์', 'นำพันธุ์วิวัฒน์', 'Nattakarn', 'Numpanviwat', '1985-09-27', '', 'nattakarn.num@vru.ac.th', '1100800183051.JPG', '2019-09-24', 1, 'MATH', 'true'),
(29, '1103700751611', '2535-04-01', '1103700751611', '', '', 'นาย', 'ศราวุฒิ', 'โปนา', 'sarawut', 'pona', '2535-04-01', '0881448908', 'sarawut.po@vru.ac.th', '1103700751611.JPG', '2019-09-24', 2, 'OF', 'true'),
(30, '3302000208721', '1983-12-28', '3302000208721', 'อ.', '', 'นาย', 'ณัฐพงศ์ ', 'วัฒนศิริพงษ์', 'Nuttapong', 'Wattanasiripong', '1983-12-28', '0846596446', 'nuttapong@vru.ac.th', '3302000208721.JPG', '2019-09-24', 1, 'MATH', 'true'),
(31, '3102101538303', '1977-02-27', '3102101538303', 'ผศ.', 'ดร.', 'นางสาว', 'ดรุณี', 'หันวิสัย', 'darunee', 'hunwisai', '1977-02-27', '0830565113', 'darunee.hun@vru.ac.th', '3102101538303.JPG', '2019-09-24', 1, 'MATH', 'true'),
(35, '3700800033548', '1962-12-06', '3700800033548', 'ผศ.', '', 'นาย', 'วิวัฒน์', 'ชินนาทศิริกุล', 'WIWAT', 'CHINNATSIRIKUL', '1962-12-06', '0892228080', 'wiwat@vru.ac.th', '3700800033548.JPG', '2019-09-25', 3, 'CS', 'true'),
(36, '1539900058066', '1985-04-01', '1539900058066', 'อ.', 'ดร.', 'นางสาว', 'ณภัทณ์จันทร์', 'ด่านสวัสดิ์', 'NAPATTCHAN', 'DANSAWAD', '1985-04-01', '', 'napattchan@vru.ac.th', '1539900058066.JPG', '2019-09-26', 1, 'IMQ', 'true'),
(37, '5100599006251', '1975-03-19', '5100599006251', 'ผศ.', 'ดร.', 'นาย', 'ปัณณ์รภัส', 'ถกลภักดี', 'Pannraphat', 'Takolpuckdee', '1975-03-19', '0950474444', 'pannraphat@vru.ac.th', '5100599006251.JPG', '2019-09-26', 3, 'SID', 'true'),
(39, '1120600023599', '1985-07-09', '1120600023599', 'อ.', '', 'นาย', 'วิศรุต', 'ขวัญคุ้ม', 'WISRUT', 'KWANKHOOM', '1985-07-09', '', 'wisrut@vru.ac.th', '1120600023599.JPG', '2019-10-02', 1, 'CS', 'true'),
(40, '3610600330281', '2526-12-06', '3610600330281', '', '', 'นางสาว', 'ณัฐนิชา', 'กสิกรณ์', '', '', '2526-12-06', '', '', '3610600330281.JPG', '2019-10-03', 2, 'OF', 'true'),
(41, '1149900051286', '1986-01-19', '1149900051286', 'อ.', '', 'นางสาว', 'วิริยาภรณ์', 'กล่อมสังข์เจริญ', 'Wiriyabhorn', 'Klomsungcharoen', '1986-01-19', '', 'wiriyabhorn@vru.ac.th', '1149900051286.JPG', '2019-10-10', 1, 'MATH', 'true'),
(42, '1160100183384', '1987-05-06', '1160100183384', 'อ.', '', 'นางสาว', 'ฐิติมา', 'เกษาหอม', 'Thitima', 'Kesahorm', '1987-05-06', '', 'thiti.kesa@gmail.com', '1160100183384.JPG', '2019-10-10', 1, 'MATH', 'true'),
(43, '1549900123305', '1987-08-18', '1549900123305', '', 'ดร.', 'นางสาว', 'สุภาวิณี', 'ขันคำ', 'Supawinee', 'Khankham', '1987-08-18', '0813454440', 'supawinee@vru.ac.th', '1549900123305.JPG', '2019-10-15', 1, 'MATH', 'true'),
(44, '3110300254826', '1979-03-27', '3110300254826', 'ผศ.', 'ดร.', 'นางสาว', 'นิสา', 'พักตร์วิไล', 'Nisa', 'Pakvilai', '1979-03-27', '0818398196', 'nisa@vru.ac.th', '3110300254826.JPG', '2019-10-18', 1, 'SET', 'true'),
(45, '3150600617177', '1979-11-30', '3150600617177', 'ผศ.', 'ดร.', 'นางสาว', 'ณพัฐอร', 'บัวฉุน', 'Napattaorn', 'Buachoon', '1979-11-30', '', '', '3150600617177.JPG', '2019-10-18', 1, 'CHEM', 'true'),
(46, '3720700556301', '1975-09-30', '3720700556301', 'ผศ.', 'ดร.', 'นาง', 'ณฐกมลวรรณ', 'ศรีจั่นเพชร', '', '', '1975-09-30', '', '', '3720700556301.JPG', '2019-10-18', 3, 'CHEM', 'true'),
(47, '3130100357885', '1963-07-10', '3130100357885', 'รศ.', 'ดร.', 'นาย', 'มานะ', 'ขาวเมฆ', 'Mana', 'Kaomek', '1963-07-10', '0922619662', 'mana@vru.ac.th', '3130100357885.JPG', '2019-10-18', 3, 'CHEM', 'true'),
(48, '3100500700480', '1980-08-15', '3100500700480', 'อ.', 'ดร.', 'นาย', 'ปรินทร', 'เต็มญารศิลป์', '', '', '1980-08-15', '', '', '3100500700480.JPG', '2019-10-19', 1, 'CHEM', 'true'),
(49, '1959900318838', '1992-06-19', '1959900318838', '', '', 'นางสาว', 'สุชัญญา', 'ปิ่นสวัสดิ์', '', '', '1992-06-19', '', '', '1959900318838.JPG', '2019-10-21', 2, 'HE', 'true'),
(50, '1309900171662', '1986-02-02', '1309900171662', 'อ.', 'ดร.', 'นางสาว', 'สุวิมล', 'สืบค้า', '', '', '1986-02-02', '', '', '1309900171662.JPG', '2019-10-21', 1, 'CHEM', 'true'),
(51, '3349900674911', '1977-12-01', '3349900674911', 'ผศ.', 'ดร.', 'นางสาว', 'พรรณวิภา ', 'แพงศรี', '', '', '1977-12-01', '', 'phanwipa@vru.ac.th', '3349900674911.JPG', '2019-12-01', 1, 'BIOT', 'true'),
(52, '1679900372771', '1996-08-09', '1679900372771', '', '', 'นาย', 'เขมศักดิ์', 'เพ็ชรดีคาย', 'Khemmasak', 'Phetdeekhai', '1996-08-09', '0982533106', 'khemmasak.phet@vru.ac.th', '1679900372771.JPG', '2019-12-09', 2, 'OF', 'true'),
(56, '3451100630199', '1978-01-01', '3451100630199', 'ผศ.', 'ดร.', 'นางสาว', 'ณัฐสิมา', 'โทขันธ์', '', '', '1978-01-01', '', '', '3451100630199.JPG', '2019-12-23', 1, 'SET', 'true'),
(57, '1720200064951', '1987-05-19', '1720200064951', 'อ.', 'ดร.', 'นางสาว', 'บุษยา', 'จูงาม', '', '', '1987-05-19', '', '', '1720200064951.JPG', '2019-12-23', 1, 'OHS', 'true'),
(58, '1719900256176', '1991-10-14', '1719900256176', 'อ.', '', 'นางสาว', 'พชรกมล', 'กลั่นบุศย์', 'Patcharakamon', 'Klunbut', '1991-10-14', '0918199224', 'patcharakamon@vru.ac.th', '1719900256176.JPG', '2019-12-25', 1, 'OHS', 'true'),
(59, '1369900002828', '0000-00-00', '1369900002828', 'อ.', 'ดร.', 'นาง', 'จินต์จุฑา', 'ขำทอง', '', '', '0000-00-00', '', '', '1369900002828.JPG', '2019-12-25', 1, 'OHS', 'true'),
(60, '3920600450763', '1976-06-03', '3920600450763', 'อ.', '', 'นาง', 'อรวรรณ', 'ชำนาญพุดซา', 'Orawan', 'Chamnanphudsa', '1976-06-03', '0886346888', 'orawan.cham@vru.ac.th', '3920600450763.JPG', '2019-12-25', 1, 'OHS', 'true'),
(61, '3250400106950', '1977-02-07', '3250400106950', 'ผศ.', '', 'นางสาว', 'มณทิพย์', 'จันทร์แก้ว', 'Montip', 'Jankaew', '1977-02-07', '0945511561', 'montip@vru.ac.th', '3250400106950.JPG', '2020-02-27', 1, 'SET', 'true'),
(62, '1710500008771', '1984-06-01', '1710500008771', 'ผศ.', 'ดร.', 'นาย', 'วีระวัฒน์', 'อุ่นเสน่หา', '', '', '1984-06-01', '', '', '1710500008771.JPG', '2020-03-04', 1, 'SET', 'true'),
(65, '3100202592824', '1976-03-16', '3100202592824', 'อ.', 'ดร.', 'นาย', 'นพรัตน์', 'ไวโรจนะ', 'Nopparat ', 'Wairojjana ', '1976-03-16', '0982702188', 'Nopparat@vru.ac.th', '3100202592824.JPG', '2020-03-22', 1, 'MATH', 'true'),
(66, '1539900310938', '1991-04-06', '1539900310938', 'อ.', '', 'นางสาว', 'ศิรภัสสร', 'พันธะสา', '', '', '1991-04-06', '', '', '1539900310938.JPG', '2020-04-02', 1, 'DMPM', 'true'),
(67, '3579900092546', '1973-12-25', '3579900092546', 'ผศ.', '', 'นางสาว', 'ณัฏฐิรา', 'ศุขไพบูลย์', '', '', '1973-12-25', '', '', '3579900092546.JPG', '2020-04-14', 3, 'CS', 'true'),
(68, '3200200035358', '1976-01-10', '3200200035358', 'รศ.', '', 'นาย', 'คชินทร์ ', 'โกกนุทาภรณ์', 'kachin', 'kokanutapon', '1976-01-10', '0972145096', 'kachin@vru.ac.th', '3200200035358.JPG', '2020-04-15', 1, 'MATH', 'true'),
(69, '1101401142823', '1987-10-23', '1101401142823', 'อ.', '', 'นางสาว', 'สุนันทา', 'ศรีโสภา', 'Sunanta', 'Srisopha', '1987-10-23', '', 'sunanta.sri@vru.ac.th', '1101401142823.JPG', '2020-04-16', 1, 'MATH', 'true'),
(70, '1710900115469', '1989-06-06', '1710900115469', 'อ.', 'ดร.', 'นางสาว', 'นพมาศ', 'ประทุมสูตร', 'Noppamas', 'Pratummasoot', '1989-06-06', '0890867739', 'noppamas.pra@vru.ac.th', '1710900115469.JPG', '2020-04-16', 1, 'PHYS', 'true'),
(71, '3409900842198', '1964-03-12', '3409900842198', 'ผศ.', '', 'นาย', ' วรายุทธ์', 'อัครพัฒนพงษ์', '', '', '1964-03-12', '', '', 'user-solid.svg', '2020-04-16', 3, 'IMQ', 'true'),
(72, '1929900158032', '1988-08-11', '1929900158032', 'อ.', '', 'นางสาว', 'ศกุนตาล์ ', 'มานะกล้า', 'Sakunta ', 'Manakla', '1988-08-11', '', 'sakunta@vru.ac.th', '1929900158032.JPG', '2020-04-16', 1, 'NU', 'true'),
(73, '3170500118845', '1982-03-20', '3170500118845', '', '', 'นางสาว', 'ทวีพร', 'พันสวัสดิ์', '', '', '1982-03-20', '', '', '3170500118845.JPG', '2020-04-16', 2, 'NU', 'true'),
(74, '1929900130391', '1987-10-08', '1929900130391', 'อ.', '', 'นางสาว', 'ใยแพร', 'ชาตรี', '', '', '1987-10-08', '', '', '1929900130391.JPG', '2020-04-16', 1, 'NU', 'true'),
(75, '2809900030477', '1991-05-12', '2809900030477', 'อ.', '', 'นางสาว', 'จุฑาวรรณ ', 'นวลจันทร์คง', '', '', '1991-05-12', '', '', '2809900030477.JPG', '2020-04-16', 1, 'NU', 'true'),
(76, '1449900136939', '1988-09-05', '1449900136939', 'อ.', '', 'นางสาว', 'ปัทมาภรณ์ ', 'เจริญนนท์', 'Pattamaporn', 'Jaroennon', '1988-09-05', '0872236315', 'pattamaporn@vru.ac.th', '1449900136939.JPG', '2020-04-16', 1, 'NU', 'true'),
(77, '1139900075746', '1989-06-29', '1139900075746', '', '', 'นางสาว', 'ภัศรา  ', 'วงค์สุดี', '', '', '1989-06-29', '', '', '1139900075746.JPG', '2020-04-16', 2, 'SET', 'true'),
(78, '3100201205835', '1952-08-05', '3100201205835', 'ผศ.', '', 'นางสาว', 'เบญจมาศ', 'แก้วนุช', 'Benjamas', 'Keawnuch', '1952-08-05', '0898375899', 'banben9954@gmail.com', '', '2020-04-16', 1, 'PHYS', 'true'),
(79, '1720900148405', '1991-03-22', '1720900148405', 'อ.', '', 'นางสาว', 'สุจา​ริณี​', 'สังข์​วรรณะ​', '', '', '1991-03-22', '', '', '1720900148405.JPG', '2020-04-16', 1, 'NU', 'true'),
(80, '3450900261236', '1977-03-02', '3450900261236', 'ผศ.', '', 'นาย', 'โยธิน', 'กัลยาเลิศ', '', '', '1977-03-02', '', '', '3450900261236.JPG', '2020-04-17', 1, 'PHYS', 'true'),
(99, '3410100150854', '1969-12-22', '3410100150854', '', '', 'นาง', 'กนกพร', 'สัณห์ฤทัย', 'kanokporn', 'sanrutai', '1969-12-22', '0894497419', 'pp3647@gmail.com', '3410100150854.JPG', '2019-09-24', 4, 'OF', 'true'),
(100, '1509900859123', '1990-04-28', '1509900859123', 'อ.', '', 'นางสาว', 'สุรินทร์', 'อุ่นแสน', '', '', '1990-04-28', '', '', '1509900859123.JPG', '2020-04-26', 1, 'DISE', ''),
(101, '1101500341018', '1989-04-02', '1101500341018', 'อ.', '', 'นางสาว', 'ชลลดา', 'พละราช', 'Chonlada', 'Palarach', '1989-04-02', '0869465355', 'chonlada.pa@vru.ac.th', '', '2020-08-10', 1, 'OHS', ''),
(102, '1309900760323', '1991-12-19', '1309900760323', 'อ.', '', 'นางสาว', 'ขวัญแข', 'หนุนภักดี', 'KHWANKHAE', 'NUNBHAKDI', '1991-12-19', '0935153924', 'khwankhae@vru.ac.th', '1309900760323.JPG', '2020-08-20', 1, 'OHS', 'true'),
(103, '1179900123082', '1987-12-14', '1179900123082', 'อ.', '', 'นางสาว', 'วัชราภรณ์', 'วงศ์สกุลกาญจน์', 'Watcharaporn', 'Wongsakoonkan', '1987-12-14', '0809047871', 'watcharaporn@vru.ac.th', '1179900123082.JPG', '2020-08-24', 1, 'OHS', 'true'),
(104, '3850400100859', '1981-09-06', '3850400100859', 'ผศ.', 'ดร.', 'นางสาว', 'เยาวภา', 'แสงพยับ', '', '', '1981-09-06', '', '', '3850400100859.JPG', '2020-08-24', 1, 'IMQ', 'true'),
(106, '3709700091731', '1976-10-31', '3709700091731', 'ผศ.', '', 'นาย', 'วัฒนา ', 'อัจฉริยะโพธา', 'WATTANA', 'ASCHARIYAPHOTHA', '1976-10-31', '025290674', 'wattana@vru.ac.th', '3709700091731.JPG', '2020-09-17', 1, 'BIOT', 'true'),
(107, '3149900304156', '1972-10-10', '3149900304156', 'ผศ.', 'ดร.', 'นางสาว', 'ปุณยนุช', 'นิลแสง', '', '', '1972-10-10', '', '', '3149900304156.JPG', '2020-09-17', 3, 'SID', 'true'),
(108, '3409900903880', '1976-12-06', '3409900903880', 'ผศ.', '', 'นาย', 'ณฐพงศ์', 'เมธินธรังสรรค์', '', '', '1976-12-06', '', '', '3409900903880.JPG', '2020-09-17', 1, 'BIOT', 'true'),
(109, '1459900006890', '1984-06-18', '1459900006890', 'อ.', 'ดร.', 'นางสาว', 'มัทนภรณ์', 'ใหม่คามิ', '', '', '1984-06-18', '', '', '1459900006890.JPG', '2020-09-19', 1, 'BIOT', 'true'),
(110, '3100903239705', '1979-04-06', '3100903239705', 'ผศ.', 'ดร.', 'นางสาว', 'ขนิษฐา', 'ภมรพล', '', '', '1979-04-06', '', '', '3100903239705.JPG', '2020-10-26', 3, 'SET', 'true'),
(111, '3120100701225', '1964-10-15', '3120100701225', 'อ.', 'ดร.', 'นางสาว', 'ประภาพร', 'ชุลีลัง', '', '', '1964-10-15', '', '', '3120100701225.JPG', '2020-10-26', 3, 'SET', 'true'),
(112, '3300600258132', '1981-01-14', '3300600258132', 'อ.', '', 'นางสาว', 'ณหทัย', 'โชติกลาง', '', '', '1981-01-14', '', '', '3300600258132.JPG', '2020-10-26', 3, 'SET', 'true'),
(113, '3729900217690', '1978-05-15', '3729900217690', 'อ.', '', 'นางสาว', 'ณัฐกานต์', 'ทองพันธุ์พาน', '', '', '1978-05-15', '', '', '3729900217690.JPG', '2020-10-26', 3, 'SET', 'true'),
(114, '3170600234367', '1958-12-15', '3170600234367', 'รศ.', 'ดร.', 'นางสาว', 'ศศมล', 'ผาสุข', '', '', '1958-12-15', '', '', '3170600234367.JPG', '2020-10-26', 3, 'SID', 'true'),
(115, '1449900010650', '1984-08-17', '1449900010650', 'อ.', 'ดร.', 'นางสาว', 'อมตา', 'อุตมะ', '', '', '1984-08-17', '', '', '1449900010650.JPG', '2020-10-26', 3, 'OHS', 'true'),
(116, '3100502695491', '1977-07-29', '3100502695491', 'อ.', 'ดร.', 'นางสาว', 'สัจนา', 'พัฒนาศักดิ์', '', '', '1977-07-29', '', '', '3100502695491.JPG', '2020-10-26', 3, 'NU', 'true'),
(117, '1409900093539', '1984-11-23', '1409900093539', 'อ.', '', 'นางสาว', 'นันทิภา', ' แก้วลีลาวรรณ', '', '', '1984-11-23', '', '', '1409900093539.JPG', '2020-10-26', 3, 'NU', 'true'),
(118, '3141600083157', '1997-10-04', '3141600083157', 'ผศ.', '', 'นางสาว', 'อมีนา', 'ฉายสุวรรณ', '', '', '1997-10-04', '', '', '3141600083157.JPG', '2020-10-26', 3, 'IT', 'true'),
(119, '3419900264291', '1970-10-08', '3419900264291', 'อ.', '', 'นาย', 'ไชย', 'มีหนองหว้า', '', '', '1970-10-08', '', '', '3419900264291.JPG', '2020-10-26', 3, 'IT', 'true'),
(120, '3129900357918', '1971-05-21', '3129900357918', 'ผศ.', '', 'นางสาว', 'ทักษิณา', 'วิไลลักษณ์', '', '', '1971-05-21', '', '', '3129900357918.JPG', '2020-10-26', 3, 'IT', 'true'),
(121, '3140100311478', '1974-03-27', '3140100311478', 'ผศ.', '', 'นาง', 'กมลมาศ', 'วงษ์ใหญ่', 'kamolmas', 'wongyai', '1974-03-27', '0898888813', 'kamolmas@vru.ac.th', '3140100311478.JPG', '2020-10-26', 3, 'IT', 'true'),
(122, '3410400687837', '1972-08-10', '3410400687837', 'ผศ.', '', 'นางสาว', 'อิงอร', 'วงษ์ศรีรักษา', '', '', '1972-08-10', '', '', '3410400687837.JPG', '2020-10-26', 3, 'IT', 'true'),
(123, '3130200214318', '1978-04-21', '3130200214318', 'ผศ.', '', 'นางสาว', 'อัจจิมา', 'มั่นทน', '', '', '1978-04-21', '', '', '3130200214318.JPG', '2020-10-26', 3, 'IT', 'true'),
(124, '3170600520530', '1974-08-27', '3170600520530', 'อ.', '', 'นาย', 'ชุมพล', 'จันทร์ฉลอง', '', '', '1974-08-27', '', '', '3170600520530.JPG', '2020-10-26', 3, 'IT', 'true'),
(125, '3101500329537', '1980-08-15', '3101500329537', 'ผศ.', 'ดร.', 'นาย', 'กิตติศักดิ์', 'สิงห์สูงเนิน', 'kittisak', 'singsungnoen', '1980-08-15', '0613826151', 'kittisak.sing@vru.ac.th', '3101500329537.JPG', '2020-10-26', 3, 'IT', 'true'),
(126, '1200100174872', '1987-12-04', '1200100174872', 'อ.', 'ดร.', 'นางสาว', 'สินีนาถ', 'สุขทนารักษ์', '', '', '1987-12-04', '', '', '1200100174872.JPG', '2020-10-26', 3, 'HE', 'true'),
(127, '3100501079576', '1980-03-06', '3100501079576', 'อ.', '', 'นางสาว', 'พัชรลักษณ์', 'วัฒนไชย', '', '', '1980-03-06', '', '', '3100501079576.JPG', '2020-10-26', 3, 'HE', 'true'),
(128, '3300100003381', '1980-12-24', '3300100003381', 'อ.', '', 'นางสาว', 'จุรีมาศ', 'ดีอำมาตย์', '', '', '1980-12-24', '', '', '3300100003381.JPG', '2020-10-26', 3, 'HE', 'true'),
(129, '3309901695025', '1979-01-19', '3309901695025', 'ผศ.', '', 'นาง', 'เบญจางค์', 'อัจฉริยะโพธา', '', '', '1979-01-19', '', '', '3309901695025.JPG', '2020-10-26', 3, 'HE', 'true'),
(130, '1450300045683', '1988-04-03', '1450300045683', 'อ.', '', 'นางสาว', 'ลัดดาวัลย์ ', ' กงพลี', 'Laddawan', 'Kongplee', '1988-04-03', '0864295451', 'Laddawan.kong@vru.ac.th', '1450300045683.JPG', '2020-10-26', 3, 'FB', 'true'),
(131, '3539900140061', '1960-03-21', '3539900140061', 'ผศ.', '', 'นาง', 'กนกวรรณ', 'ปุณณะตระกูล', '', '', '1960-03-21', '', '', '3539900140061.JPG', '2020-10-26', 3, 'FB', 'true'),
(132, '3130600001621', '1980-03-10', '3130600001621', 'ผศ.', 'ดร.', 'นาย', 'รัตถชล', 'อ่างมณี', '', '', '1980-03-10', '', '', '3130600001621.JPG', '2020-10-26', 3, 'DMPM', 'true'),
(133, '3770400048165', '1980-08-17', '3770400048165', 'ผศ.', 'ดร.', 'นาย', 'ตีรณรรถ', 'ศรีสุนนท์', '', '', '1980-08-17', '', '', '3770400048165.JPG', '2020-10-26', 3, 'DMPM', 'true'),
(134, '1459900206139', '1990-08-22', '1459900206139', 'อ.', '', 'นาย', 'วีระศักดิ์', 'ศรีลารัตน์', '', '', '1990-08-22', '', '', '1459900206139.JPG', '2020-10-26', 3, 'FB', 'true'),
(135, '1820500071463', '1990-10-12', '1820500071463', 'อ.', '', 'นาย', 'สมคิด', 'ตันเก็ง', '', '', '1990-10-12', '', '', '1820500071463.JPG', '2020-10-26', 3, 'DMPM', 'true'),
(136, '3190600113853', '1978-04-13', '3190600113853', 'อ.', '', 'นาย', 'นิธิพนธ์', 'น้อยเผ่า', '', '', '1978-04-13', '', '', '3190600113853.JPG', '2020-10-26', 3, 'DMPM', 'true'),
(137, '3130200168057', '1975-08-07', '3130200168057', 'อ.', '', 'นาย', 'เศรษฐพงศ์', 'วงษ์อินทร์', 'Sethapong', 'Wong-In', '1975-08-07', '0855935525', 'sethapong@vru.ac.th', 'S__9019397.jpg', '2020-10-26', 3, 'DISE', 'true'),
(138, '3309901150827', '1998-02-25', '3309901150827', 'อ.', '', 'นางสาว', 'ปัณณรัตน์', 'วงศ์พัฒนานิภาส', '', '', '1998-02-25', '0655515142', 'pannarat@vru.ac.th', 'S__9019395.jpg', '2020-10-26', 3, 'DISE', 'true'),
(139, '3550400231018', '1968-06-17', '3550400231018', 'อ.', '', 'นางสาว', 'อรรถพร', 'ธนูเพ็ชร์', '', '', '1968-06-17', '', '', '3550400231018.JPG', '2020-10-26', 3, 'DISE', 'true'),
(140, '3311300027098', '1978-05-07', '3311300027098', 'อ.', '', 'นางสาว', 'ดาวรถา', 'วีระพันธ์', '', '', '1978-05-07', '', '', '3311300027098.JPG', '2020-10-26', 3, 'CS', 'true'),
(141, '3329900151790', '1975-03-09', '3329900151790', 'อ.', '', 'นางสาว', 'ประณมกร', 'อัมพรพรรดิ์', '', '', '1975-03-09', '', '', '3329900151790.JPG', '2020-10-26', 3, 'CS', 'true'),
(142, '3110400093981', '1961-11-15', '3110400093981', 'ผศ.', '', 'นางสาว', 'สุนี', 'ปัญจะเทวคุปต์', '', '', '1961-11-15', '', '', '3110400093981.JPG', '2020-10-26', 3, 'CS', ''),
(143, '1100800382274', '1987-11-08', '1100800382274', 'อ.', '', 'นาย', 'ชวลิต', 'โควีระวงศ์', '', '', '1987-11-08', '', '', '1100800382274.JPG', '2020-10-26', 3, 'CS', 'true'),
(144, '1101400783442', '1986-09-14', '1101400783442', 'อ.', '', 'นางสาว', 'ณัฐรดี', 'อนุพงค์', '', '', '1986-09-14', '', '', '1101400783442.JPG', '2020-10-26', 3, 'CS', 'true'),
(145, '1539900061067', '1985-04-29', '1539900061067', 'อ.', 'ดร.', 'นางสาว', 'พชรวรรณ', 'รัตนทรงธรรม', '', '', '1985-04-29', '', '', '1539900061067.JPG', '2020-10-26', 3, 'CHEM', 'true'),
(146, '3160100811624', '1972-07-22', '3160100811624', 'ผศ.', '', 'นางสาว', 'ดวงเดือน', 'วัฏฏานุรักษ์', '', '', '1972-07-22', '', '', '3160100811624.JPG', '2020-10-26', 3, 'BIOT', 'true'),
(147, '3419900655649', '1970-06-08', '3419900655649', 'รศ.', 'ดร.', 'นางสาว', 'นฤมล', 'ธนานันต์', '', '', '1970-06-08', '', '', '3419900655649.JPG', '2020-10-26', 3, 'BIOT', 'true'),
(148, '3169900213347', '1977-10-21', '3169900213347', 'อ.', '', 'นางสาว', 'จิตติมา', 'กอหรั่งกูล', '', '', '1977-10-21', '', '', '3169900213347.JPG', '2020-10-26', 3, 'BIOT', 'true'),
(149, '3440500097012', '1973-01-09', '3440500097012', 'อ.', 'ดร.', 'นาย', 'วิชัย', 'กองศรี', '', '', '1973-01-09', '', '', '3440500097012.JPG', '2020-10-26', 3, 'PHYS', 'true'),
(150, '3260300110912', '1973-04-28', '3260300110912', '', '', 'นาง', 'ตะวันฉาย', 'บุญประกอบศุภรางค์', '', '', '1973-04-28', '', '', '3260300110912.JPG', '2020-10-26', 2, 'SCC', 'true'),
(151, '3130700369515', '1982-11-06', '3130700369515', '', '', 'นาย', 'เนติวิทย์', 'วรรณโชติ', '', '', '1982-11-06', '', '', '3130700369515.JPG', '2020-10-26', 2, 'IT', 'true'),
(152, '3720400688253', '1983-08-08', '3720400688253', '', '', 'นางสาว', 'กรรณิการ์', 'วงษ์บัณฑิต', '', '', '1983-08-08', '', '', '3720400688253.JPG', '2020-10-26', 2, 'OF', 'true'),
(153, '3130700278021', '1978-10-21', '3130700278021', '', '', 'นางสาว', 'พิมพ์นารา', 'นิลฤทธิ์', '', '', '1978-10-21', '', '', '3130700278021.JPG', '2020-10-26', 2, 'BIOT', 'true'),
(154, '3141100278811', '1983-10-19', '3141100278811', '', '', 'นางสาว', 'ประทุม', 'พรรณปัญญา', '', '', '1983-10-19', '', '', '3141100278811.JPG', '2020-10-26', 2, 'OF', 'true'),
(155, '3141100068361', '1983-09-30', '3141100068361', '', '', 'นางสาว', 'วันเพ็ญ', 'อินวอ', '', '', '1983-09-30', '', '', '3141100068361.JPG', '2020-10-26', 2, 'OF', 'true'),
(156, '3320100725906', '1982-07-21', '3320100725906', '', '', 'นาง', 'อนัญญา', 'นาคหัสดีย์', '', '', '1982-07-21', '', '', '3320100725906.JPG', '2020-10-26', 2, 'SCC', 'true'),
(157, '3140400275230', '1973-03-27', '3140400275230', '', '', 'นางสาว', 'ประกายรุ่ง', 'โกมุติบาล', '', '', '1973-03-27', '', '', '3140400275230.JPG', '2020-10-26', 2, 'OHS', 'true'),
(158, '3302001003228', '1982-11-16', '3302001003228', '', '', 'นางสาว', 'เบ็ญจมาศ', 'นามณรงค์', '', '', '1982-11-16', '', '', '3302001003228.JPG', '2020-10-26', 2, 'OF', 'true'),
(159, '1199900168612', '1988-12-15', '1199900168612', '', '', 'นาง', 'นริศรา', 'เงินยวง', '', '', '1988-12-15', '', '', '1199900168612.JPG', '2020-10-26', 2, 'SCC', 'true'),
(160, '1619900094991', '1987-05-06', '1619900094991', '', '', 'นางสาว', 'เยาวนารถ', 'งามนนท์', '', '', '1987-05-06', '', '', '1619900094991.JPG', '2020-10-26', 2, 'SCC', 'true'),
(161, '1251100015996', '1985-02-25', '1251100015996', '', '', 'นางสาว', 'งามเนตร', 'ระพันธ์', '', '', '1985-02-25', '', '', '1251100015996.JPG', '2020-10-26', 2, 'SCC', 'true'),
(162, '1350300071103', '1989-02-02', '1350300071103', '', '', 'นาย', 'ธนา', 'ละมะณี', '', '', '1989-02-02', '', '', '1350300071103.JPG', '2020-10-26', 2, 'CS', 'true'),
(163, '3640600059854', '1980-04-03', '3640600059854', '', '', 'นางสาว', 'สุพิณยา', 'อรุณจันทร์', '', '', '1980-04-03', '', '', '3640600059854.JPG', '2020-10-26', 2, 'SCC', 'true'),
(164, '1102000357111', '1985-11-14', '1102000357111', '', '', 'นางสาว', 'รัตนาภรณ์', 'พุทธพรทิพย์', '', '', '1985-11-14', '', '', '1102000357111.JPG', '2020-10-26', 2, 'SCC', 'true'),
(165, '1149900399444', '1995-11-22', '1149900399444', '', '', 'นางสาว', 'แพรพลอย', 'พุทธาวงษ์', '', '', '1995-11-22', '', '', '1149900399444.JPG', '2020-10-26', 2, 'OF', 'true'),
(168, '3729800042049', '1976-03-31', '3729800042049', 'อ.', '', 'นาย', 'อุทัย', 'สำรวมจิตร์', 'Uthai', 'Sumruamchit', '1976-03-31', '0894770252', 'uthai.sum@vru.ac.th', '', '1973-03-31', 1, 'DISE', 'true'),
(169, '3101100236116', '1973-09-15', '3101100236116', 'รศ.', 'ดร.', 'นางสาว', 'มนัญญา', 'คำวชิระพิทักษ์', '', '', '1973-09-15', '', 'manunya@vru.ac.th', '', '2021-10-12', 3, 'HE', 'true'),
(170, '3240500088627', '1955-09-30', '3240500088627', 'ผศ.', '', 'นาง', 'จินตนา', 'จันทร์ศิริ', '', '', '1955-09-30', '', 'chin.tana.1@hotmail.com', '', '2021-10-14', 1, 'MATH', 'true'),
(171, '3120100575017', '1961-04-27', '3120100575017', 'ผศ.', 'ดร.', 'นาง', 'สำเนียง', 'อภิสันติยาคม', '', '', '1961-04-27', '', 'samneang@vru.ac.th', '', '2021-10-14', 1, 'CHEM', 'true'),
(174, '3710500312590', '1983-03-16', '3710500312590', 'อ.', '', 'นาย', 'เอกชัย', 'จงเสรีเจริญ', '', '', '1983-03-16', '', '', '', '2021-10-18', 1, 'PHYS', 'true');

-- --------------------------------------------------------

--
-- Table structure for table `tb_picup`
--

CREATE TABLE `tb_picup` (
  `id_img` int(11) NOT NULL,
  `title_img` text NOT NULL,
  `detail_img` text NOT NULL,
  `major_img` text NOT NULL,
  `date_img` date NOT NULL,
  `place_img` text NOT NULL,
  `cover_img` text NOT NULL,
  `file_img` text NOT NULL,
  `img_type` tinyint(4) NOT NULL,
  `status` enum('true','false') NOT NULL,
  `create_at` date NOT NULL,
  `update_at` date NOT NULL
) ENGINE=InnoDB DEFAULT CHARSET=utf8;

-- --------------------------------------------------------

--
-- Table structure for table `tb_plan`
--

CREATE TABLE `tb_plan` (
  `id_plan` int(11) NOT NULL,
  `titie_plan` varchar(255) NOT NULL,
  `file_plan` varchar(255) NOT NULL,
  `status_plan` enum('true','false') NOT NULL,
  `year` varchar(4) NOT NULL,
  `type_plan` tinyint(4) NOT NULL,
  `create_at` date NOT NULL,
  `update_at` date NOT NULL
) ENGINE=InnoDB DEFAULT CHARSET=utf8;

-- --------------------------------------------------------

--
-- Table structure for table `tb_ safetyuni`
--

CREATE TABLE `tb_ safetyuni` (
  `id_uni` int(11) NOT NULL,
  `name_uni` varchar(255) NOT NULL,
  `link_uni` varchar(255) NOT NULL,
  `file_uni` varchar(255) NOT NULL,
  `type_uni` tinyint(4) NOT NULL,
  `status_uni` int(11) NOT NULL,
  `create_at` date NOT NULL,
  `update_at` date NOT NULL
) ENGINE=InnoDB DEFAULT CHARSET=utf8 COMMENT=' Safetyuni';

-- --------------------------------------------------------

--
-- Table structure for table `tb_scoures`
--

CREATE TABLE `tb_scoures` (
  `id_scoures` int(11) NOT NULL,
  `name_scoures` varchar(255) NOT NULL,
  `link_scoures` varchar(255) NOT NULL,
  `img_scoures` varchar(255) NOT NULL,
  `detail_scoures` text NOT NULL,
  `status_scoures` enum('true','false') NOT NULL,
  `start_date` date NOT NULL,
  `end_date` date NOT NULL,
  `create_at` date NOT NULL
) ENGINE=InnoDB DEFAULT CHARSET=utf8;

-- --------------------------------------------------------

--
-- Table structure for table `tb_youtube`
--

CREATE TABLE `tb_youtube` (
  `id_youtube` int(11) NOT NULL,
  `title_youtube` text COLLATE utf8_unicode_ci NOT NULL,
  `youtube_code` text COLLATE utf8_unicode_ci NOT NULL,
  `date_youtube` date NOT NULL,
  `link_youtube` text COLLATE utf8_unicode_ci NOT NULL,
  `major_youtube` text COLLATE utf8_unicode_ci NOT NULL
) ENGINE=MyISAM DEFAULT CHARSET=utf8 COLLATE=utf8_unicode_ci COMMENT='สื่อวิดีโอเผยแพร่';

--
-- Dumping data for table `tb_youtube`
--

INSERT INTO `tb_youtube` (`id_youtube`, `title_youtube`, `youtube_code`, `date_youtube`, `link_youtube`, `major_youtube`) VALUES
(1, 'Tip DIY by yourself EP.1 การทำหน้ากากอนามัยแบบผ้า', 'pEC84WcyjPE', '2020-04-25', 'https://youtu.be/pEC84WcyjPE', 'OF'),
(2, 'Tip DIY by yourself EP.2 การทำเจลแอลกอฮอล์ล้างมือแบบง่ายๆ', 'u3TNMr-ukIE', '2020-04-27', 'https://youtu.be/u3TNMr-ukIE', 'OF'),
(3, 'Science in everyday life EP.1 ปลูกทุเรียนลดโลกร้อน', 'iXoACBOcUiY', '2020-05-07', 'https://youtu.be/iXoACBOcUiY', 'OF'),
(5, 'Tip Tutorial EP.1 การใช้โปรแกรม Zoom', 'luNPa_2fnIA', '2020-07-13', 'https://youtu.be/luNPa_2fnIA', 'OF'),
(6, 'การแสดงด้านศิลปวัฒนธรรม หลักสูตรนวัตกรรมดิจิทัลและวิศวกรรมซอฟต์แวร์', 'qUoi7CZ9nVg', '2020-08-24', 'https://youtu.be/qUoi7CZ9nVg ', 'OF'),
(8, 'การแสดงด้านศิลปวัฒนธรรม หลักสูตรการจัดการภัยพิบัติและบรรเทาสาธารณภัย', 'MBBuBOB9ngc', '2020-08-24', 'https://youtu.be/MBBuBOB9ngc', 'OF'),
(9, 'การแสดงด้านศิลปวัฒนธรรม หลักสูตรโภชนาการและการกำหนดอาหาร', 'WF11r89MOjM', '2020-08-24', 'https://youtu.be/WF11r89MOjM', 'OF'),
(11, 'การแสดงด้านศิลปวัฒนธรรม หลักสูตรวิทยาศาสตร์และเทคโนโลยีสิ่งแวดล้อม', 'NzIIovr3-NU', '2020-08-24', 'https://youtu.be/NzIIovr3-NU', 'OF'),
(12, 'การแสดงด้านศิลปวัฒนธรรม หลักสูตรอาชีวอนามัยและความปลอดภัย', 'LbdPH4JPdQs', '2020-08-24', 'https://youtu.be/LbdPH4JPdQs', 'OF'),
(13, 'การแสดงด้านศิลปวัฒนธรรม หลักสูตรเทคโนโลยีสารสนเทศ', 'wH5FvBWGVX0', '2020-08-24', 'https://youtu.be/wH5FvBWGVX0', 'OF'),
(15, 'แนะนำหลักสูตรนวัตกรรมอาหารและเครื่องดื่มเพื่อสุขภาพ', 'iSVasc97dsI', '2020-08-24', 'https://youtu.be/iSVasc97dsI', 'OF'),
(16, 'แนะนำหลักสูตรคหกรรมศาสตร์', 'CT4gEG8kJAs', '2020-08-24', 'https://youtu.be/CT4gEG8kJAs', 'OF'),
(17, 'แนะนำหลักสูตรการจัดการภัยพิบัติและบรรเทาสาธารณภัย', '2i5Yf1J-4i4', '2020-08-24', 'https://youtu.be/2i5Yf1J-4i4', 'OF'),
(18, 'แนะนำหลักสูตรโภชนาการและการกำหนดอาหาร', '2i5Yf1J-4i4', '2020-08-24', 'https://youtu.be/2i5Yf1J-4i4', 'OF'),
(19, 'แนะนำหลักสูตรวิทยาศาสตร์และเทคโนโลยีสิ่งแวดล้อม', 'wCUWnM_-F6I', '2020-08-24', 'https://youtu.be/wCUWnM_-F6I', 'OF'),
(24, 'เมนูสุขภาพ สลัดผักจมูกข้าวไรซ์เบอร์รี่', 'TpnlM8vz_oM', '2020-06-11', 'https://youtu.be/TpnlM8vz_oM', 'OF'),
(21, 'แนะนำหลักสูตรเทคโนโลยีสารสนเทศ', 'wYpLcNEQIgs', '2020-08-24', 'https://youtu.be/wYpLcNEQIgs', 'OF'),
(23, 'กิจกรรมจิตอาสา "ทำความดี ด้วยหัวใจ" ประจำเดือน สิงหาคม 2562', '-MewgnNuCuE', '2019-08-07', 'https://youtu.be/-MewgnNuCuE', 'OF'),
(25, 'เมนูสุขภาพ ชานมไข่มุกจมูกข้าวไรซ์เบอร์รี่', 'gTUx-lwGPes', '2020-06-12', 'https://youtu.be/gTUx-lwGPes', 'OF'),
(22, 'การฝึกประสบการณ์วิชาชีพด้านโภชนาการ ที่ สปป.ลาว ปี2562', 'TIFecuqHLaM', '2019-07-30', 'https://youtu.be/TIFecuqHLaM', 'OF'),
(26, 'Tip DIY by yourself EP.3 ทำง่าย ขายดี ด้วยน้ำขวดพาสเจอร์ไรส์', 'xBgqlHxEDzI', '2021-08-19', 'https://youtu.be/xBgqlHxEDzI', 'OF'),
(27, 'Tip DIY by yourself EP.4 เรียน ๆ เล่น ๆ กับสีเต้นระบำ', 'oCM7oJYtOTw', '2021-08-19', 'https://youtu.be/oCM7oJYtOTw', 'OF'),
(28, 'Tip DIY by yourself EP.5 น้ำสีรุ้ง', 'eyfnyzznIDw', '2021-08-19', 'https://youtu.be/eyfnyzznIDw', 'OF'),
(29, 'Tip DIY by yourself EP.6 เรียนรู้วิทยาศาสตร์ผ่านอาหาร 1 จาน', 'x2bcIKo-aSI', '2021-08-19', 'https://youtu.be/x2bcIKo-aSI', 'OF'),
(30, 'Tip DIY by yourself EP.7 แก้วน้ำวิเศษ', 'Q9-Dx9Oso-w', '2021-08-19', 'https://youtu.be/Q9-Dx9Oso-w', 'OF'),
(31, 'Tip DIY by yourself EP.8 ปลูกตามใจทำได้เองที่บ้าน', 'LuitoCwDcts', '2021-08-19', 'https://youtu.be/LuitoCwDcts', 'OF'),
(32, 'Tip DIY by yourself EP.9 ยีสต์…จุลินทรีย์ดีๆ มีประโยชน์', '7Iml_rH23qo', '2021-08-19', 'https://youtu.be/7Iml_rH23qo', 'OF'),
(33, 'Tip DIY by yourself EP.10 How to ปั้นน้ำเป็นตัว', 'W2yeN2eFAqc', '2021-08-19', 'https://youtu.be/W2yeN2eFAqc', 'OF'),
(34, 'Tip DIY by yourself EP.11 หมึกกรอบทำง่าย ทำได้ที่บ้าน', 'pLpWHw1CGj0', '2021-08-19', 'https://youtu.be/pLpWHw1CGj0', 'OF'),
(35, 'Tip DIY by yourself EP.12 การผลิตนมเปรี้ยวพร้อมดื่มข้าวไรซ์เบอรี่', 'CfI_eIDIZiY', '2021-08-19', 'https://youtu.be/CfI_eIDIZiY', 'OF'),
(36, 'Tip DIY by yourself EP.13 อิตาเลี่ยนโซดา แยกชั้น ซาบซ่า', 'm_FO89RgU5k', '2021-08-19', 'https://youtu.be/m_FO89RgU5k', 'OF'),
(37, 'Tip DIY by yourself EP.14 การแยกขยายพันธุ์รังเลี้ยงผึ้งชันโรงขนเงิน', '1J3odNItRcw', '2021-08-19', 'https://youtu.be/1J3odNItRcw', 'OF');

-- --------------------------------------------------------

--
-- Table structure for table `userlogs`
--

CREATE TABLE `userlogs` (
  `id` int(11) NOT NULL,
  `ip` varchar(255) NOT NULL,
  `device` varchar(255) NOT NULL,
  `os` varchar(255) NOT NULL,
  `browser` varchar(255) NOT NULL,
  `page` varchar(255) NOT NULL,
  `created_at` datetime NOT NULL
) ENGINE=InnoDB DEFAULT CHARSET=utf8;

--
-- Dumping data for table `userlogs`
--

INSERT INTO `userlogs` (`id`, `ip`, `device`, `os`, `browser`, `page`, `created_at`) VALUES
(1, '::1', 'Computer', 'Windows 10', 'Chrome', 'index', '2021-12-20 09:56:41'),
(2, '::1', 'Computer', 'Windows 10', 'Chrome', 'blog', '2021-12-20 10:27:12'),
(3, '::1', 'Computer', 'Windows 10', 'Chrome', 'contact', '2021-12-20 10:27:20'),
(4, '::1', 'Computer', 'Windows 10', 'Chrome', 'about', '2021-12-20 10:27:24'),
(5, '::1', 'Computer', 'Windows 10', 'Chrome', 'index', '2021-12-20 10:27:26'),
(6, '::1', 'Computer', 'Windows 10', 'Chrome', 'index', '2021-12-20 11:11:52'),
(7, '::1', 'Computer', 'Windows 10', 'Chrome', 'index', '2021-12-20 13:29:49'),
(8, '::1', 'Computer', 'Windows 10', 'Chrome', 'index', '2021-12-20 14:43:00'),
(9, '::1', 'Computer', 'Windows 10', 'Chrome', 'form_personal', '2021-12-20 14:43:05'),
(10, '::1', 'Computer', 'Windows 10', 'Chrome', 'form_personal', '2021-12-20 14:44:21'),
(11, '::1', 'Computer', 'Windows 10', 'Chrome', 'form_personal', '2021-12-20 14:55:12'),
(12, '::1', 'Computer', 'Windows 10', 'Chrome', 'index', '2021-12-20 15:17:15'),
(13, '::1', 'Computer', 'Windows 10', 'Chrome', 'index', '2021-12-20 15:17:53'),
(14, '::1', 'Computer', 'Windows 10', 'Chrome', 'index', '2021-12-20 15:18:26'),
(15, '::1', 'Computer', 'Windows 10', 'Chrome', 'index', '2021-12-20 15:18:50'),
(16, '::1', 'Computer', 'Windows 10', 'Chrome', 'blog', '2021-12-20 15:27:13'),
(17, '::1', 'Computer', 'Windows 10', 'Chrome', 'blog', '2021-12-20 15:27:14'),
(18, '::1', 'Computer', 'Windows 10', 'Chrome', 'index', '2021-12-20 15:31:23'),
(19, '::1', 'Computer', 'Windows 10', 'Chrome', 'blog', '2021-12-20 15:57:15'),
(20, '::1', 'Computer', 'Windows 10', 'Chrome', 'blog', '2021-12-20 15:57:17'),
(21, '::1', 'Computer', 'Windows 10', 'Chrome', 'blog', '2021-12-20 15:57:18'),
(22, '::1', 'Computer', 'Windows 10', 'Chrome', 'blog', '2021-12-20 15:57:19'),
(23, '::1', 'Computer', 'Windows 10', 'Chrome', 'blog', '2021-12-20 15:58:11'),
(24, '::1', 'Computer', 'Windows 10', 'Chrome', 'blog', '2021-12-20 15:58:42'),
(25, '::1', 'Computer', 'Windows 10', 'Chrome', 'blog', '2021-12-20 15:59:01'),
(26, '::1', 'Computer', 'Windows 10', 'Chrome', 'blog-all', '2021-12-20 15:59:06'),
(27, '::1', 'Computer', 'Windows 10', 'Chrome', 'index', '2021-12-20 16:17:30'),
(28, '::1', 'Computer', 'Windows 10', 'Chrome', 'blog', '2021-12-21 09:05:46'),
(29, '::1', 'Computer', 'Windows 10', 'Chrome', 'index', '2021-12-21 09:06:45'),
(30, '::1', 'Computer', 'Windows 10', 'Chrome', 'blog', '2021-12-22 08:42:48'),
(31, '::1', 'Computer', 'Windows 10', 'Chrome', 'index', '2021-12-22 08:43:17'),
(32, '::1', 'Computer', 'Windows 10', 'Chrome', 'blog', '2021-12-22 09:10:29'),
(33, '::1', 'Computer', 'Windows 10', 'Chrome', 'blog', '2021-12-22 09:11:39'),
(34, '::1', 'Computer', 'Windows 10', 'Chrome', 'index', '2021-12-22 09:11:42'),
(35, '::1', 'Computer', 'Windows 10', 'Chrome', 'blog', '2021-12-22 11:51:19'),
(36, '::1', 'Computer', 'Windows 10', 'Chrome', 'blog', '2021-12-22 12:45:07'),
(37, '::1', 'Computer', 'Windows 10', 'Chrome', 'blog', '2021-12-22 13:12:48'),
(38, '::1', 'Computer', 'Windows 10', 'Chrome', 'blog', '2021-12-22 13:17:32'),
(39, '::1', 'Computer', 'Windows 10', 'Chrome', 'index', '2021-12-22 13:17:35'),
(40, '::1', 'Computer', 'Windows 10', 'Chrome', 'blog', '2021-12-24 09:08:43'),
(41, '::1', 'Computer', 'Windows 10', 'Chrome', 'about', '2021-12-24 09:10:58'),
(42, '::1', 'Computer', 'Windows 10', 'Chrome', 'index', '2021-12-24 09:11:26'),
(43, '::1', 'Computer', 'Windows 10', 'Chrome', 'blog', '2021-12-27 12:39:53'),
(44, '::1', 'Computer', 'Windows 10', 'Chrome', 'index', '2021-12-27 12:39:59'),
(45, '::1', 'Computer', 'Windows 10', 'Chrome', 'blog', '2021-12-28 09:25:31'),
(46, '::1', 'Computer', 'Windows 10', 'Chrome', 'index', '2021-12-28 09:25:46'),
(47, '::1', 'Computer', 'Windows 10', 'Chrome', 'blog', '2021-12-28 11:01:58'),
(48, '::1', 'Computer', 'Windows 10', 'Chrome', 'index', '2021-12-28 11:02:00'),
(49, '::1', 'Computer', 'Windows 10', 'Chrome', 'blog', '2021-12-28 11:04:06'),
(50, '::1', 'Computer', 'Windows 10', 'Chrome', 'index', '2021-12-28 11:04:08'),
(51, '::1', 'Computer', 'Windows 10', 'Chrome', 'blog', '2021-12-29 09:29:08'),
(52, '::1', 'Computer', 'Windows 10', 'Chrome', 'index', '2021-12-29 09:29:28'),
(53, '::1', 'Computer', 'Windows 10', 'Chrome', 'blog', '2021-12-29 12:54:08'),
(54, '::1', 'Computer', 'Windows 10', 'Chrome', 'index', '2021-12-29 12:54:11');

--
-- Indexes for dumped tables
--

--
-- Indexes for table `admin`
--
ALTER TABLE `admin`
  ADD PRIMARY KEY (`id`);

--
-- Indexes for table `adminlogs`
--
ALTER TABLE `adminlogs`
  ADD PRIMARY KEY (`id`);

--
-- Indexes for table `articles`
--
ALTER TABLE `articles`
  ADD PRIMARY KEY (`id`);

--
-- Indexes for table `contacts`
--
ALTER TABLE `contacts`
  ADD PRIMARY KEY (`id`);

--
-- Indexes for table `ita_detail`
--
ALTER TABLE `ita_detail`
  ADD PRIMARY KEY (`ita_detail`);

--
-- Indexes for table `ita_head`
--
ALTER TABLE `ita_head`
  ADD PRIMARY KEY (`id_ita`);

--
-- Indexes for table `report_detail`
--
ALTER TABLE `report_detail`
  ADD PRIMARY KEY (`id_detail`);

--
-- Indexes for table `report_title`
--
ALTER TABLE `report_title`
  ADD PRIMARY KEY (`id_title`);

--
-- Indexes for table `tb_banner`
--
ALTER TABLE `tb_banner`
  ADD PRIMARY KEY (`id_ban`);

--
-- Indexes for table `tb_ex`
--
ALTER TABLE `tb_ex`
  ADD PRIMARY KEY (`id_ex`);

--
-- Indexes for table `tb_files`
--
ALTER TABLE `tb_files`
  ADD PRIMARY KEY (`id_files`);

--
-- Indexes for table `tb_gf`
--
ALTER TABLE `tb_gf`
  ADD PRIMARY KEY (`id_gf`);

--
-- Indexes for table `tb_major`
--
ALTER TABLE `tb_major`
  ADD PRIMARY KEY (`id_major`);

--
-- Indexes for table `tb_news`
--
ALTER TABLE `tb_news`
  ADD PRIMARY KEY (`id_news`);

--
-- Indexes for table `tb_per`
--
ALTER TABLE `tb_per`
  ADD PRIMARY KEY (`id_per`);

--
-- Indexes for table `tb_picup`
--
ALTER TABLE `tb_picup`
  ADD PRIMARY KEY (`id_img`);

--
-- Indexes for table `tb_plan`
--
ALTER TABLE `tb_plan`
  ADD PRIMARY KEY (`id_plan`);

--
-- Indexes for table `tb_ safetyuni`
--
ALTER TABLE `tb_ safetyuni`
  ADD PRIMARY KEY (`id_uni`);

--
-- Indexes for table `tb_scoures`
--
ALTER TABLE `tb_scoures`
  ADD PRIMARY KEY (`id_scoures`);

--
-- Indexes for table `tb_youtube`
--
ALTER TABLE `tb_youtube`
  ADD PRIMARY KEY (`id_youtube`);

--
-- Indexes for table `userlogs`
--
ALTER TABLE `userlogs`
  ADD PRIMARY KEY (`id`);

--
-- AUTO_INCREMENT for dumped tables
--

--
-- AUTO_INCREMENT for table `admin`
--
ALTER TABLE `admin`
  MODIFY `id` int(11) NOT NULL AUTO_INCREMENT, AUTO_INCREMENT=5;
--
-- AUTO_INCREMENT for table `adminlogs`
--
ALTER TABLE `adminlogs`
  MODIFY `id` int(11) NOT NULL AUTO_INCREMENT;
--
-- AUTO_INCREMENT for table `articles`
--
ALTER TABLE `articles`
  MODIFY `id` int(11) NOT NULL AUTO_INCREMENT;
--
-- AUTO_INCREMENT for table `contacts`
--
ALTER TABLE `contacts`
  MODIFY `id` int(11) NOT NULL AUTO_INCREMENT;
--
-- AUTO_INCREMENT for table `ita_detail`
--
ALTER TABLE `ita_detail`
  MODIFY `ita_detail` int(11) NOT NULL AUTO_INCREMENT, AUTO_INCREMENT=105;
--
-- AUTO_INCREMENT for table `ita_head`
--
ALTER TABLE `ita_head`
  MODIFY `id_ita` int(11) NOT NULL AUTO_INCREMENT, AUTO_INCREMENT=44;
--
-- AUTO_INCREMENT for table `report_detail`
--
ALTER TABLE `report_detail`
  MODIFY `id_detail` int(11) NOT NULL AUTO_INCREMENT, AUTO_INCREMENT=340;
--
-- AUTO_INCREMENT for table `report_title`
--
ALTER TABLE `report_title`
  MODIFY `id_title` int(11) NOT NULL AUTO_INCREMENT, AUTO_INCREMENT=24;
--
-- AUTO_INCREMENT for table `tb_banner`
--
ALTER TABLE `tb_banner`
  MODIFY `id_ban` int(11) NOT NULL AUTO_INCREMENT COMMENT 'รหัสbanner';
--
-- AUTO_INCREMENT for table `tb_ex`
--
ALTER TABLE `tb_ex`
  MODIFY `id_ex` int(11) NOT NULL AUTO_INCREMENT, AUTO_INCREMENT=178;
--
-- AUTO_INCREMENT for table `tb_files`
--
ALTER TABLE `tb_files`
  MODIFY `id_files` int(11) NOT NULL AUTO_INCREMENT;
--
-- AUTO_INCREMENT for table `tb_gf`
--
ALTER TABLE `tb_gf`
  MODIFY `id_gf` int(11) NOT NULL AUTO_INCREMENT;
--
-- AUTO_INCREMENT for table `tb_major`
--
ALTER TABLE `tb_major`
  MODIFY `id_major` int(11) NOT NULL AUTO_INCREMENT, AUTO_INCREMENT=19;
--
-- AUTO_INCREMENT for table `tb_news`
--
ALTER TABLE `tb_news`
  MODIFY `id_news` int(11) NOT NULL AUTO_INCREMENT;
--
-- AUTO_INCREMENT for table `tb_per`
--
ALTER TABLE `tb_per`
  MODIFY `id_per` int(11) NOT NULL AUTO_INCREMENT COMMENT 'รหัสพนักงาน', AUTO_INCREMENT=179;
--
-- AUTO_INCREMENT for table `tb_picup`
--
ALTER TABLE `tb_picup`
  MODIFY `id_img` int(11) NOT NULL AUTO_INCREMENT;
--
-- AUTO_INCREMENT for table `tb_plan`
--
ALTER TABLE `tb_plan`
  MODIFY `id_plan` int(11) NOT NULL AUTO_INCREMENT;
--
-- AUTO_INCREMENT for table `tb_ safetyuni`
--
ALTER TABLE `tb_ safetyuni`
  MODIFY `id_uni` int(11) NOT NULL AUTO_INCREMENT;
--
-- AUTO_INCREMENT for table `tb_scoures`
--
ALTER TABLE `tb_scoures`
  MODIFY `id_scoures` int(11) NOT NULL AUTO_INCREMENT;
--
-- AUTO_INCREMENT for table `tb_youtube`
--
ALTER TABLE `tb_youtube`
  MODIFY `id_youtube` int(11) NOT NULL AUTO_INCREMENT, AUTO_INCREMENT=38;
--
-- AUTO_INCREMENT for table `userlogs`
--
ALTER TABLE `userlogs`
  MODIFY `id` int(11) NOT NULL AUTO_INCREMENT, AUTO_INCREMENT=55;
/*!40101 SET CHARACTER_SET_CLIENT=@OLD_CHARACTER_SET_CLIENT */;
/*!40101 SET CHARACTER_SET_RESULTS=@OLD_CHARACTER_SET_RESULTS */;
/*!40101 SET COLLATION_CONNECTION=@OLD_COLLATION_CONNECTION */;
